CG,logFC,AveExpr,t,P.Value,adj.P.Val,B,Exhausted_AVG,Rest_AVG,deltaBeta,CHR,MAPINFO,Strand,Type,gene,feature,cgi,feat.cgi,UCSC_CpG_Islands_Name,DHS,Enhancer,Phantom,Probe_SNPs,Probe_SNPs_10
cg12426196,0.360085685,0.778841879,18.86837397,1.27e-60,3.14e-57,126.8797961,0.507544444,0.86763013,0.360085685,1,161008826,F,I,TSTD1,TSS200,island,TSS200-island,chr1:161008377-161008830,TRUE,,"",rs6656547,""
cg19982230,0.387985756,0.690830032,17.66090302,8.13e-55,5.44e-52,113.5383765,0.398511997,0.786497753,0.387985756,17,27045302,R,II,RAB34,TSS1500,shore,TSS1500-shore,chr17:27046856-27047273,TRUE,,"","",""
cg12804532,0.35154101,0.606332681,16.34521217,1.35e-48,2.53e-46,99.25205156,0.341473016,0.693014026,0.35154101,2,219157511,F,I,TMBIM1,TSS1500,shore,TSS1500-shore,chr2:219156977-219157380,,,"","",""
cg00265863,0.33561827,0.547546113,14.78787782,1.96e-41,1.15e-39,82.80960647,0.294683033,0.630301303,0.33561827,1,28286348,R,II,XKR8,TSS200,island,TSS200-island,chr1:28286019-28286838,,,"","",""
cg13912673,0.343498629,0.500918591,12.72597572,2.06e-32,4.63e-31,62.1196795,0.242118254,0.585616883,0.343498629,9,86571904,F,I,C9orf64,TSS1500,island,TSS1500-island,chr9:86571047-86572027,,TRUE,"","",""
cg11837267,0.284996959,0.603677724,15.50013504,1.12e-44,1.04e-42,90.25676222,0.388953988,0.673950947,0.284996959,14,24898889,R,II,KHNYN,TSS1500,island,TSS1500-island,chr14:24898779-24899288,,,"","",""
cg09625066,0.218738156,0.861246874,12.90334372,3.66e-33,8.78e-32,63.8408432,0.696444154,0.91518231,0.218738156,X,46937571,R,II,RGN,TSS1500,shore,TSS1500-shore,chrX:46937631-46938149,,,"","",""
cg03576469,0.303677194,0.767350317,14.84631757,1.07e-41,6.48e-40,83.4155409,0.538552431,0.842229625,0.303677194,19,46917061,F,II,CCDC8,TSS200,shore,TSS200-shore,chr19:46915311-46915802,TRUE,,"","",""
cg19786920,0.410764425,0.725558122,17.0668486,5.42e-52,2.01e-49,107.050305,0.416078076,0.826842501,0.410764425,4,40751770,R,II,NSUN7,TSS200,shore,TSS200-shore,chr4:40751842-40752493,,,"","",""
cg13278004,0.2841179,0.739599248,18.04517729,1.18e-56,1.14e-53,117.76387,0.525537817,0.809655717,0.2841179,2,231191876,R,II,SP140L,TSS200,opensea,TSS200-opensea,"",TRUE,,"","",""
cg26686415,0.309396955,0.534303327,16.11367129,1.62e-47,2.47e-45,96.7717395,0.301196032,0.610592987,0.309396955,7,32996816,R,I,FKBP9,TSS200,island,TSS200-island,chr7:32996732-32997591,,,"","",""
cg24010336,0.22155846,0.725580916,12.34668529,8e-31,1.56e-29,58.48100666,0.558653309,0.780211769,0.22155846,19,39467258,R,II,FBXO17,TSS1500,shore,TSS1500-shore,chr19:39465846-39466403,,,"","",""
cg12177743,0.384622136,0.623023483,16.58385354,1.03e-49,2.42e-47,101.8199073,0.333239683,0.717861818,0.384622136,11,113185079,F,I,TTC12,TSS200,shore,TSS200-shore,chr11:113185332-113185663,,,"","",""
cg12835949,0.327150433,0.567280822,16.74654322,1.76e-50,4.77e-48,103.5768739,0.320797619,0.647948052,0.327150433,11,67070746,R,I,SSH3,TSS200,shore,TSS200-shore,chr11:67070807-67071801,TRUE,,"","",""
cg12585923,0.208236392,0.733445988,13.3673801,3.75e-35,1.08e-33,68.3999672,0.576555556,0.784791948,0.208236392,5,42756876,R,I,CCDC152,TSS200,opensea,TSS200-opensea,"",,,"","",""
cg12794421,0.359502843,0.550501957,16.87019541,4.61e-51,1.41e-48,104.9155766,0.279643651,0.639146494,0.359502843,8,19171191,R,I,SH2D4A,TSS200,island,TSS200-island,chr8:19170999-19172056,TRUE,,high-CpG:19215279-19215848,rs13280961,""
cg01724150,0.338139379,0.764483122,16.01828985,4.5e-47,6.33e-45,95.75331845,0.509720576,0.847859955,0.338139379,3,139397363,F,II,NMNAT3,TSS1500,shore,TSS1500-shore,chr3:139396338-139396882,,,"",rs9878498,""
cg03005261,0.340444533,0.705490997,16.71974441,2.36e-50,6.2e-48,103.2871147,0.448991691,0.789436224,0.340444533,4,110480828,R,II,CCDC109B,TSS1500,island,TSS1500-island,chr4:110480827-110482060,,,"","",""
cg17215278,0.262895514,0.793883949,17.76277919,2.65e-55,1.91e-52,114.6565563,0.595811987,0.858707501,0.262895514,1,117114263,R,II,CD58,TSS1500,shore,TSS1500-shore,chr1:117112960-117113883,,TRUE,"","",""
cg23545105,0.357814531,0.75790137,15.46885445,1.55e-44,1.41e-42,89.92697115,0.488315079,0.84612961,0.357814531,4,48908833,F,I,OCIAD2,TSS200,island,TSS200-island,chr4:48908292-48908850,TRUE,,"","",""
cg14892066,0.33123554,0.461856552,12.75280709,1.59e-32,3.6e-31,62.37926272,0.212295529,0.543531069,0.33123554,4,183839263,R,II,DCTD,TSS1500,island,TSS1500-island,chr4:183838036-183839286,,,"","",""
cg26093711,0.288762796,0.709690379,12.99117878,1.55e-33,3.85e-32,64.69766636,0.492129369,0.780892164,0.288762796,2,58273654,R,II,VRK2,TSS200,island,TSS200-island,chr2:58273642-58274422,TRUE,,"","",""
cg04518342,0.292908932,0.787022114,14.10114228,2.31e-38,9.36e-37,75.76350348,0.566337302,0.859246234,0.292908932,5,131593106,R,I,PDLIM4,TSS1500,island,TSS1500-island,chr5:131593039-131593813,TRUE,,"","",""
cg04638014,0.330894577,0.762843361,14.80168145,1.7e-41,1e-39,82.95264414,0.513539228,0.844433805,0.330894577,4,57371368,R,II,ARL9,TSS200,shore,TSS200-shore,chr4:57371582-57372022,,,"","",""
cg15844835,0.391250289,0.604626027,15.41076111,2.87e-44,2.52e-42,89.31513237,0.309848413,0.701098701,0.391250289,5,141031142,R,I,FCHSD1,TSS200,island,TSS200-island,chr5:141030918-141031177,,,"","",""
cg20532370,0.435179072,0.673399009,16.79786704,1.01e-50,2.85e-48,104.1321814,0.345524366,0.780703438,0.435179072,3,139258730,F,II,RBP1,TSS200,island,TSS200-island,chr3:139258152-139258731,TRUE,,"","",""
cg14274896,0.379314859,0.512190181,15.52667105,8.42e-45,8.01e-43,90.53671869,0.226405013,0.605719872,0.379314859,6,143833011,F,II,FUCA2,TSS200,shore,TSS200-shore,chr6:143832389-143832943,,TRUE,"",rs75829429,""
cg20979153,0.378360462,0.66045499,23.08308223,3.05e-81,9.1e-76,174.2893094,0.375388889,0.753749351,0.378360462,20,52199748,F,I,ZNF217,TSS200,shore,TSS200-shore,chr20:52198058-52198400,,,"",rs6022601,""
cg23830937,0.295166495,0.668066378,15.34392905,5.8e-44,4.85e-42,88.61229538,0.445680663,0.740847158,0.295166495,8,145115827,F,II,OPLAH,TSS1500,island,TSS1500-island,chr8:145114550-145115828,,TRUE,"","",""
cg18877506,0.363903418,0.574427841,14.9709049,2.91e-42,1.9e-40,84.71047016,0.300254033,0.664157451,0.363903418,1,13910555,R,II,PDPN,TSS1500,island,TSS1500-island,chr1:13910137-13910868,TRUE,,"","",""
cg03704700,0.360838755,0.578705861,15.4337185,2.25e-44,2e-42,89.55681975,0.306841046,0.6676798,0.360838755,16,75529019,R,II,CHST6,TSS200,island,TSS200-island,chr16:75528624-75529437,TRUE,,"","",""
cg11959694,0.235731233,0.889452031,15.26040066,1.4e-43,1.1e-41,87.73545491,0.711846308,0.947577541,0.235731233,2,98962564,R,II,CNGA3,TSS200,shore,TSS200-shore,chr2:98962873-98964187,,,"","",""
cg24115571,0.267762313,0.779698252,12.8155937,8.62e-33,2e-31,62.98779902,0.577959523,0.845721836,0.267762313,8,104310713,R,II,FZD6,TSS1500,shore,TSS1500-shore,chr8:104310809-104311620,,,"","",""
cg14138132,0.406226955,0.665121722,17.00641861,1.05e-51,3.66e-49,106.3935911,0.359060317,0.765287273,0.406226955,6,31704375,F,I,CLIC1,TSS200,shelf,TSS200-shelf,chr6:31707489-31708336,,,"",rs79795615,""
cg00948524,0.348668954,0.568046401,14.14632704,1.46e-38,6.05e-37,76.22272374,0.305350614,0.654019568,0.348668954,17,29297757,F,II,RNF135,TSS200,shore,TSS200-shore,chr17:29298046-29298606,,,"","",""
cg18151858,0.415173947,0.601842358,15.35445185,5.19e-44,4.37e-42,88.72288376,0.289040069,0.704214016,0.415173947,13,21635991,R,II,LATS2,TSS1500,shore,TSS1500-shore,chr13:21634519-21635907,,,"","",""
cg12829142,0.24278851,0.630490557,10.86860175,6.86e-25,8.28e-24,44.90239313,0.447567707,0.690356217,0.24278851,7,23529999,F,II,RPS2P32,TSS200,shore,TSS200-shore,chr7:23530434-23530690,,,"","",""
cg06679087,0.34846101,0.78555499,17.07137451,5.16e-52,1.92e-49,107.0995152,0.523015873,0.871476883,0.34846101,10,99473206,R,I,MARVELD1,TSS1500,island,TSS1500-island,chr10:99473084-99473291,,,"","",""
cg03460682,0.424647832,0.600200424,15.32434695,7.13e-44,5.87e-42,88.4065733,0.280260276,0.704908109,0.424647832,2,219646316,R,II,CYP27A1,TSS200,shore,TSS200-shore,chr2:219646432-219647181,,,"","",""
cg09539538,-0.221793203,0.453331153,-12.73737053,1.85e-32,4.16e-31,62.2298854,0.62043562,0.398642418,-0.221793203,20,6104215,F,II,FERMT1,TSS200,shore,TSS200-shore,chr20:6103436-6103970,TRUE,,high-CpG:6051562-6052271,rs6117086,""
cg11026333,0.237113795,0.684860078,11.37417015,7.17e-27,1.01e-25,49.43242064,0.506212698,0.743326494,0.237113795,7,150020269,F,I,LRRC61,TSS200,island,TSS200-island,chr7:150019950-150020752,TRUE,,high-CpG:149651202-149651531,rs998920,""
cg01733439,0.306332623,0.739736923,13.11892797,4.4e-34,1.15e-32,65.94903956,0.508938372,0.815270995,0.306332623,X,49042949,R,II,PRICKLE3,TSS200,island,TSS200-island,chrX:49042676-49043059,TRUE,,"","",""
cg13775050,0.345085851,0.793332221,18.3783682,2.95e-58,4.35e-55,121.4437756,0.533336031,0.878421883,0.345085851,11,104916075,R,II,CARD16,TSS200,opensea,TSS200-opensea,"",,,"","",""
cg20311846,0.373345902,0.655298281,15.18097241,3.22e-43,2.41e-41,86.90331146,0.374010273,0.747356174,0.373345902,4,77356250,F,II,SHROOM3,TSS200,opensea,TSS200-opensea,"",,,"","",""
cg12486287,0.30391926,0.663455808,15.16948122,3.64e-43,2.69e-41,86.78305724,0.434475543,0.738394803,0.30391926,16,4421643,R,II,VASN,TSS1500,island,TSS1500-island,chr16:4421642-4422240,,,"","",""
cg14652638,0.226528773,0.640961252,12.84846582,6.26e-33,1.47e-31,63.30701087,0.470288889,0.696817662,0.226528773,6,2842215,F,I,SERPINB1,TSS200,island,TSS200-island,chr6:2841810-2842273,TRUE,,high-CpG:2787068-2787272,"",""
cg25940946,0.319440851,0.50675636,15.64559004,2.39e-45,2.48e-43,91.79340862,0.266081746,0.585522597,0.319440851,22,24181263,F,I,DERL3,TSS200,island,TSS200-island,chr22:24180491-24181666,TRUE,,"","",""
cg27239280,0.289373177,0.593997409,14.44752285,6.63e-40,3.22e-38,79.29993314,0.375976522,0.665349699,0.289373177,16,30907679,F,II,CTF1,TSS1500,shore,TSS1500-shore,chr16:30905549-30905783,,,"",rs79233301,""
cg09481121,0.280527231,0.779921404,12.82535533,7.84e-33,1.83e-31,63.08254782,0.568565271,0.849092502,0.280527231,5,78985425,R,II,CMYA5,TSS1500,opensea,TSS1500-opensea,"",,TRUE,"","",""
cg05265484,0.359242661,0.674528053,16.42049342,5.99e-49,1.2e-46,100.060871,0.403865774,0.763108436,0.359242661,17,52977445,F,II,TOM1L1,TSS1500,shore,TSS1500-shore,chr17:52977866-52978307,,,"","",""
cg11809091,0.236473042,0.756771563,10.63456638,5.43e-24,6.14e-23,42.84874662,0.578606943,0.815079984,0.236473042,5,140552105,R,II,PCDHB7,TSS200,shore,TSS200-shore,chr5:140553681-140554637,TRUE,,"","",""
cg04477203,0.381363475,0.60121128,17.97515655,2.55e-56,2.27e-53,116.9923786,0.313882634,0.695246109,0.381363475,5,141061883,F,II,ARAP3,TSS200,opensea,TSS200-opensea,"",,,high-CpG:141041828-141042333,"",""
cg13318121,0.215865411,0.62855499,12.9191331,3.14e-33,7.58e-32,63.99465056,0.465916667,0.681782078,0.215865411,8,82192777,F,I,FABP5,TSS200,island,TSS200-island,chr8:82192378-82193685,TRUE,,"",rs11542504,""
cg15778054,0.343300231,0.712881018,17.08653893,4.37e-52,1.66e-49,107.2644239,0.454230159,0.79753039,0.343300231,11,77734334,R,I,KCTD14,TSS200,opensea,TSS200-opensea,"",TRUE,,"","",""
cg07211259,0.35275082,0.59142529,18.11504138,5.44e-57,5.8e-54,118.5342914,0.325654124,0.678404944,0.35275082,9,5510497,R,II,PDCD1LG2,TSS200,opensea,TSS200-opensea,"",,,"","",""
cg16686158,0.250707879,0.707756164,11.75695303,2.1e-28,3.33e-27,52.94347341,0.518866667,0.769574545,0.250707879,22,30476098,F,I,HORMAD2,TSS1500,island,TSS1500-island,chr22:30476012-30476530,,,"","",""
cg19769982,0.311008315,0.706211826,16.01629137,4.6e-47,6.46e-45,95.73200123,0.471890493,0.782898808,0.311008315,21,26934197,R,II,MIR155HG,TSS1500,shore,TSS1500-shore,chr21:26934423-26934805,TRUE,TRUE,"","",""
cg13565215,-0.212419991,0.240128912,-14.22162519,6.74e-39,2.92e-37,76.98941021,0.400171371,0.18775138,-0.212419991,11,117668336,F,II,DSCAML1,TSS1500,shore,TSS1500-shore,chr11:117666634-117668141,TRUE,,"","",""
cg27346707,0.348101221,0.560975854,15.12543682,5.77e-43,4.15e-41,86.32245567,0.298707811,0.646809032,0.348101221,5,126626348,R,II,MEGF10,TSS200,island,TSS200-island,chr5:126626053-126626901,TRUE,TRUE,"","",""
cg18145080,0.312451336,0.560932437,15.80789343,4.25e-46,5.04e-44,93.51396541,0.325523896,0.637975232,0.312451336,8,144640397,R,II,GSDMD,TSS200,island,TSS200-island,chr8:144640396-144640772,TRUE,,"","",""
cg07327468,0.204786553,0.805068309,15.63404771,2.7e-45,2.78e-43,91.67128543,0.650777071,0.855563623,0.204786553,6,133561765,F,II,EYA4,TSS1500,shore,TSS1500-shore,chr6:133562086-133563586,TRUE,,"","",""
cg03552401,0.337435512,0.446179061,12.91414435,3.29e-33,7.94e-32,63.9460439,0.191946825,0.529382338,0.337435512,19,54974983,R,I,LENG9,TSS200,island,TSS200-island,chr19:54974175-54976819,,,"","",""
cg01508380,0.422100748,0.54352308,19.19820569,3.2e-62,1.2e-58,130.5532309,0.225501969,0.647602716,0.422100748,14,23305585,F,II,MMP14,TSS1500,shore,TSS1500-shore,chr14:23305893-23307013,,,"","",""
cg19008597,0.216642944,0.83722813,14.02414672,5.06e-38,1.97e-36,74.98247256,0.674003994,0.890646938,0.216642944,12,25102431,R,II,BCAT1,TSS200,shore,TSS200-shore,chr12:25101607-25102073,,,"","",""
cg15617545,0.251172134,0.805679852,15.53183834,7.97e-45,7.61e-43,90.59125374,0.616440573,0.867612707,0.251172134,11,57365018,R,II,SERPING1,TSS1500,opensea,TSS1500-opensea,"",TRUE,,"","",""
cg18027174,0.358362239,0.686216111,16.11650385,1.57e-47,2.4e-45,96.80201393,0.416217164,0.774579403,0.358362239,3,119298236,R,II,ADPRH,TSS1500,shore,TSS1500-shore,chr3:119298284-119298983,,TRUE,"","",""
cg18996663,0.298879481,0.550168885,16.55259916,1.44e-49,3.28e-47,101.4829584,0.324985714,0.623865195,0.298879481,14,55595768,F,I,LGALS3,TSS200,island,TSS200-island,chr14:55595697-55596692,,,"","",""
cg25101327,0.297659625,0.494756164,15.11019365,6.77e-43,4.82e-41,86.16316617,0.270492063,0.568151688,0.297659625,2,119981142,R,I,STEAP3,TSS1500,island,TSS1500-island,chr2:119981079-119981818,,,"","",""
cg02010852,0.270771573,0.623302679,14.66740356,6.84e-41,3.72e-39,81.56349071,0.4192967,0.690068273,0.270771573,9,126118355,R,II,CRB2,TSS200,opensea,TSS200-opensea,"",,,"","",""
cg20318662,0.255638395,0.684665819,11.80475181,1.34e-28,2.17e-27,53.38662095,0.492061549,0.747699944,0.255638395,2,47452,F,II,FAM110C,TSS1500,shore,TSS1500-shore,chr2:45510-46559,TRUE,,"","",""
cg17121747,0.359256667,0.66657045,17.12264271,2.95e-52,1.16e-49,107.6572014,0.395897619,0.755154286,0.359256667,4,683060,F,I,MFSD7,TSS200,island,TSS200-island,chr4:682724-683079,,TRUE,high-CpG:672938-673293,"",""
cg18794664,0.249645275,0.646972831,13.62299278,2.91e-36,9.4e-35,70.94447554,0.458883925,0.7085292,0.249645275,1,42922694,F,II,ZMYND12,TSS1500,shore,TSS1500-shore,chr1:42921716-42922575,,,"","",""
cg16315582,0.340973766,0.607668573,15.70883137,1.22e-45,1.34e-43,92.46308979,0.35077053,0.691744296,0.340973766,11,104839349,F,II,CASP4,TSS200,opensea,TSS200-opensea,"",,,"",rs56010660,rs56176061
cg13459217,0.285027403,0.788325245,12.18487067,3.74e-30,6.88e-29,56.94666834,0.573578571,0.858605974,0.285027403,1,205326437,R,I,KLHDC8A,TSS1500,opensea,TSS1500-opensea,"",,,"","",""
cg10976623,-0.22844911,0.575398085,-10.40673983,3.96e-23,4.18e-22,40.87702348,0.747517278,0.519068168,-0.22844911,17,53801558,R,II,TMEM100,TSS1500,opensea,TSS1500-opensea,"",,,"","",""
cg20711828,0.320089726,0.651571429,16.73472331,2e-50,5.36e-48,103.4490559,0.410407937,0.730497662,0.320089726,6,129204125,F,I,LAMA2,TSS200,opensea,TSS200-opensea,"",TRUE,TRUE,"","",""
cg04896949,0.205159991,0.779559424,17.14977757,2.19e-52,8.77e-50,107.9525519,0.624986828,0.830146819,0.205159991,1,28918475,R,II,RAB42,TSS1500,shore,TSS1500-shore,chr1:28919041-28919454,TRUE,,"","",""
cg15058894,0.254159172,0.712687762,11.11678875,7.42e-26,9.64e-25,47.11053207,0.521197975,0.775357147,0.254159172,11,9685109,F,II,SWAP70,TSS1500,shore,TSS1500-shore,chr11:9685520-9686050,,,"","",""
cg23514532,0.33080345,0.450992474,13.05548391,8.22e-34,2.1e-32,65.32680718,0.201756998,0.532560448,0.33080345,20,45338072,R,II,SLC2A10,TSS1500,island,TSS1500-island,chr20:45338071-45338663,TRUE,,"","",""
cg05508067,0.264189172,0.495525307,9.433580069,1.4e-19,1.16e-18,32.77751516,0.29647867,0.560667842,0.264189172,X,7895590,F,II,PNPLA4,TSS200,island,TSS200-island,chrX:7895077-7895608,TRUE,,"",rs2231789,""
cg00694520,0.287449577,0.798990677,12.53175683,1.35e-31,2.82e-30,60.24919678,0.582419078,0.869868655,0.287449577,2,223916687,F,II,KCNE4,TSS200,shore,TSS200-shore,chr2:223917576-223918037,,TRUE,"","",""
cg03172801,0.291772232,0.526841282,12.28165179,1.49e-30,2.83e-29,57.86303183,0.307012888,0.598785121,0.291772232,18,3246174,R,II,MYL12A,TSS1500,shore,TSS1500-shore,chr18:3247293-3248257,,,"","",""
cg14385362,0.320851931,0.595579285,14.79607564,1.8e-41,1.06e-39,82.89454847,0.353841528,0.67469346,0.320851931,9,127054095,R,II,NEK6,TSS1500,opensea,TSS1500-opensea,"",,,"","",""
cg26385222,0.301411806,0.673676751,15.33917433,6.1e-44,5.09e-42,88.56233522,0.446585664,0.747997471,0.301411806,7,150497077,F,II,TMEM176B,TSS1500,island,TSS1500-island,chr7:150496809-150498206,TRUE,,"","",""
cg02403180,0.301139683,0.390917808,10.0378612,9.31e-22,8.96e-21,37.74391509,0.164031746,0.465171429,0.301139683,11,65640375,F,I,EFEMP2,TSS200,island,TSS200-island,chr11:65639835-65641374,,,"","",""
cg08314603,0.344085574,0.519656365,13.35231945,4.36e-35,1.25e-33,68.25076226,0.260413809,0.604499383,0.344085574,12,81471311,F,II,ACSS3,TSS1500,shore,TSS1500-shore,chr12:81471569-81472119,,,"","",""
cg26059078,0.202891724,0.218617059,9.554407855,5.22e-20,4.43e-19,33.75352465,0.065753431,0.268645155,0.202891724,1,42921698,R,II,PPCS,TSS1500,shore,TSS1500-shore,chr1:42921716-42922575,,,high-CpG:42694271-42694305,"",""
cg05038121,0.288124615,0.395196643,10.4559502,2.58e-23,2.77e-22,41.30058342,0.178116453,0.466241069,0.288124615,15,80444758,R,II,FAH,TSS1500,opensea,TSS1500-opensea,"",,,"","",""
cg21737444,0.371798993,0.672066282,16.26637067,3.15e-48,5.53e-46,98.406225,0.391943753,0.763742746,0.371798993,22,38071591,R,II,LGALS1,TSS200,shore,TSS200-shore,chr22:38073037-38073412,,,"","",""
cg08148891,0.275720683,0.634744523,15.46749805,1.57e-44,1.43e-42,89.91267611,0.427009761,0.702730444,0.275720683,11,13030309,R,II,RASSF10,TSS1500,shore,TSS1500-shore,chr11:13030330-13032584,TRUE,,"","",""
cg06419659,0.309802727,0.585891585,13.89903208,1.8e-37,6.63e-36,73.71738493,0.352478571,0.662281299,0.309802727,1,153600132,F,I,S100A13,TSS1500,opensea,TSS1500-opensea,"",,TRUE,"","",""
cg25230363,0.294606537,0.552964048,15.36326725,4.73e-44,4e-42,88.8155499,0.331000219,0.625606756,0.294606537,7,30951425,F,II,AQP1,TSS200,opensea,TSS200-opensea,"",,,"","",""
cg16963683,0.293934722,0.360315737,11.4257991,4.47e-27,6.38e-26,49.90199955,0.13885807,0.432792791,0.293934722,11,44087684,F,II,ACCS,TSS200,island,TSS200-island,chr11:44087518-44088165,,,"",rs178513,""
cg00702593,-0.263385935,0.408372426,-13.66033332,2e-36,6.57e-35,71.31807599,0.606813884,0.343427949,-0.263385935,21,42219853,F,II,DSCAM,TSS1500,shore,TSS1500-shore,chr21:42218489-42219222,,TRUE,"","",""
cg10919204,0.311850868,0.798946612,15.04239726,1.38e-42,9.42e-41,85.45544492,0.563990479,0.875841346,0.311850868,5,31193340,F,II,CDH6,TSS1500,shore,TSS1500-shore,chr5:31193952-31194419,,,"","",""
cg03327307,0.265152496,0.46084227,15.86417941,2.33e-46,2.88e-44,94.11206769,0.261069841,0.526222338,0.265152496,4,140586881,F,I,MGST2,TSS200,opensea,TSS200-opensea,"",TRUE,,"","",""
cg13256546,0.200316477,0.735924403,13.37485474,3.48e-35,1.01e-33,68.47404805,0.58500103,0.785317507,0.200316477,22,39472544,R,II,APOBEC3G,TSS1500,opensea,TSS1500-opensea,"",TRUE,,"","",rs5757462
cg02668843,0.458136657,0.589903455,14.63105772,9.97e-41,5.32e-39,81.18836095,0.244732001,0.702868658,0.458136657,17,40575479,R,II,PTRF,TSS200,island,TSS200-island,chr17:40573740-40575526,,,"","",""
cg07578070,0.28978026,0.48517045,15.25202645,1.53e-43,1.2e-41,87.64764459,0.266842857,0.556623117,0.28978026,6,150326732,R,I,RAET1K,TSS1500,island,TSS1500-island,chr6:150326011-150326802,,,"","",""
cg20219035,0.274337918,0.606301484,14.6629033,7.17e-41,3.89e-39,81.5170225,0.399608532,0.67394645,0.274337918,12,14720858,F,II,PLBD1,TSS200,island,TSS200-island,chr12:14720248-14721093,TRUE,,"","",""
cg00839579,0.351385527,0.60770998,12.13566471,5.96e-30,1.08e-28,56.4822905,0.34296746,0.694352987,0.351385527,7,15727441,R,I,MEOX2,TSS1500,opensea,TSS1500-opensea,"",,TRUE,"","",""
cg18031596,0.202562116,0.852119853,13.40016409,2.71e-35,7.93e-34,68.72503545,0.69950456,0.902066676,0.202562116,8,108510292,R,II,ANGPT1,TSS200,opensea,TSS200-opensea,"",,,"","",""
cg15299388,0.251559019,0.607999022,15.74015726,8.74e-46,9.86e-44,92.79515659,0.418468254,0.670027273,0.251559019,4,48491941,F,I,ZAR1,TSS1500,shore,TSS1500-shore,chr4:48492117-48493589,TRUE,,"","",""
cg17710021,0.339201914,0.604205973,15.19506006,2.78e-43,2.1e-41,87.05078423,0.348642887,0.687844801,0.339201914,1,209848577,F,II,G0S2,TSS200,island,TSS200-island,chr1:209848443-209849428,,TRUE,"",rs1815548,rs79763330
cg09251764,0.200461463,0.550590589,16.5762777,1.11e-49,2.6e-47,101.7382158,0.39955798,0.600019443,0.200461463,17,6659070,F,II,XAF1,TSS200,opensea,TSS200-opensea,"",,,"",rs78249496,""
cg00916884,0.358319495,0.559665949,15.83952417,3.03e-46,3.69e-44,93.8499889,0.289699206,0.648018701,0.358319495,16,56666334,F,I,MT1M,TSS200,island,TSS200-island,chr16:56665945-56666641,TRUE,,"","",""
cg19489174,0.352564286,0.568009198,14.07280103,3.08e-38,1.23e-36,75.47579527,0.302378571,0.654942857,0.352564286,11,35547225,R,I,PAMR1,TSS200,island,TSS200-island,chr11:35547139-35547396,TRUE,,"","",""
cg22931402,0.318720788,0.622385652,15.5390912,7.38e-45,7.09e-43,90.66781074,0.382253551,0.70097434,0.318720788,4,113207418,R,II,TIFA,TSS1500,shore,TSS1500-shore,chr4:113206832-113207278,,,"","",""
cg19220825,0.201273115,0.749981107,16.0572857,2.96e-47,4.34e-45,96.16945159,0.59833698,0.799610095,0.201273115,12,50353951,F,II,AQP5,TSS1500,shore,TSS1500-shore,chr12:50354839-50356163,,,"","",""
cg00121904,0.303281125,0.508503085,11.88169855,6.53e-29,1.08e-27,54.10215196,0.280003607,0.583284732,0.303281125,X,43741826,F,II,MAOB,TSS200,island,TSS200-island,chrX:43741299-43741827,,,"","",""
cg23137039,0.223761048,0.346666781,11.26616915,1.92e-26,2.61e-25,48.45422851,0.178079691,0.401840738,0.223761048,13,50069509,F,II,PHF11,TSS1500,shore,TSS1500-shore,chr13:50070022-50070719,,,"","",""
cg08135379,0.403460463,0.701455368,16.42454215,5.73e-49,1.15e-46,100.104403,0.397478307,0.80093877,0.403460463,12,47474763,F,II,AMIGO2,TSS1500,shore,TSS1500-shore,chr12:47473177-47474120,TRUE,,"","",""
cg21095553,0.399484978,0.576365166,15.02133509,1.72e-42,1.16e-40,85.23582747,0.275383333,0.674868312,0.399484978,11,122753433,F,I,C11orf63,TSS200,island,TSS200-island,chr11:122753386-122753951,TRUE,,"","",""
cg20118643,0.378993447,0.670784189,15.71196316,1.18e-45,1.3e-43,92.49627768,0.385241181,0.764234627,0.378993447,15,60690852,R,II,ANXA2,TSS1500,island,TSS1500-island,chr15:60690708-60690930,,,"","",""
cg25071651,0.376506887,0.590005178,15.58617639,4.48e-45,4.46e-43,91.16512375,0.306335606,0.682842492,0.376506887,4,101112317,R,II,DDIT4L,TSS1500,shore,TSS1500-shore,chr4:101111146-101111497,,,"","",""
cg03209642,0.370835296,0.574283757,18.17285888,2.87e-57,3.32e-54,119.1723561,0.294887302,0.665722597,0.370835296,15,91427605,R,I,FES,TSS200,island,TSS200-island,chr15:91427540-91427905,TRUE,,"","",rs12592067
cg06325209,0.213300088,0.658954989,7.966899628,1.07e-14,6.34e-14,21.66108909,0.498249443,0.711549531,0.213300088,1,162602217,F,II,DDR2,TSS200,opensea,TSS200-opensea,"",,,low-CpG:160868822-160868971,"",""
cg12023170,0.328938495,0.603899046,13.89951381,1.79e-37,6.6e-36,73.72224616,0.356068674,0.685007168,0.328938495,1,23751761,R,II,TCEA3,TSS1500,shore,TSS1500-shore,chr1:23750508-23751663,,,"","",""
cg25210835,0.224115397,0.703450098,10.73456056,2.25e-24,2.62e-23,43.72274075,0.534596032,0.758711429,0.224115397,1,110254828,R,I,GSTM5,TSS200,opensea,TSS200-opensea,"",,,"","",""
cg18464137,0.363703638,0.747592399,15.70450369,1.28e-45,1.4e-43,92.41723272,0.47356911,0.837272748,0.363703638,7,83278504,R,II,SEMA3E,TSS200,opensea,TSS200-opensea,"",,TRUE,"","",""
cg25850808,0.323626826,0.670056131,17.18863821,1.44e-52,5.99e-50,108.3757496,0.4262277,0.749854526,0.323626826,6,74405048,F,II,CD109,TSS1500,shore,TSS1500-shore,chr6:74405600-74406021,,,"","",""
cg22099723,0.337334585,0.426626798,14.60071668,1.36e-40,7.16e-39,80.87549849,0.172470603,0.509805189,0.337334585,8,27348453,R,II,EPHX2,TSS200,shore,TSS200-shore,chr8:27348658-27348883,,TRUE,"","",""
cg05472974,0.391198521,0.635613061,17.63787441,1.05e-54,6.81e-52,113.2858304,0.34087445,0.73207297,0.391198521,2,71205399,F,II,ANKRD53,TSS200,shore,TSS200-shore,chr2:71205563-71206529,,TRUE,"","",""
cg12179658,0.286294328,0.798143252,18.10928925,5.8e-57,6.1e-54,118.4708357,0.582442046,0.868736374,0.286294328,3,11178652,R,II,HRH1,TSS200,opensea,TSS200-opensea,"",TRUE,TRUE,"","",""
cg16772207,-0.242038745,0.262614601,-15.65609878,2.14e-45,2.24e-43,91.90462333,0.444972559,0.202933814,-0.242038745,20,62795807,F,II,MYT1,TSS200,opensea,TSS200-opensea,"",,,low-CpG:62266217-62266896,rs76770383,""
cg24577131,0.30800255,0.613694531,12.18530541,3.72e-30,6.85e-29,56.9507758,0.381637815,0.689640365,0.30800255,6,139613426,R,II,TXLNB,TSS1500,opensea,TSS1500-opensea,"",,TRUE,"","",""
cg10765212,0.392943952,0.718544067,16.71139288,2.58e-50,6.73e-48,103.1968423,0.422490405,0.815434357,0.392943952,2,190044638,R,II,COL5A2,TSS200,opensea,TSS200-opensea,"",,,"","",""
cg06327621,0.296174476,0.473830021,12.67424397,3.41e-32,7.49e-31,61.61999458,0.250684868,0.546859344,0.296174476,15,90931174,R,II,IQGAP1,TSS1500,island,TSS1500-island,chr15:90931162-90932019,,,"","",""
cg14841203,0.305681084,0.642469713,16.27019578,3.02e-48,5.32e-46,98.44723186,0.412162047,0.717843131,0.305681084,6,150284567,R,II,ULBP1,TSS1500,shore,TSS1500-shore,chr6:150284682-150286515,,,"","",""
cg06182274,0.303588095,0.658342661,16.35752865,1.18e-48,2.24e-46,99.3843005,0.429611905,0.7332,0.303588095,16,56677585,F,I,MT1DP,TSS200,island,TSS200-island,chr16:56677120-56677598,TRUE,,"",rs57778164,""
cg13247581,0.270431573,0.524984736,12.40735157,4.47e-31,8.9e-30,59.05906762,0.321234921,0.591666494,0.270431573,9,139948584,F,I,ENTPD2,TSS200,island,TSS200-island,chr9:139947906-139948937,,,"","",""
cg02764346,0.269504591,0.67999638,14.18262151,1e-38,4.26e-37,76.59205394,0.476944975,0.746449567,0.269504591,2,166651375,R,II,GALNT3,TSS1500,shore,TSS1500-shore,chr2:166649909-166650966,TRUE,,"","",""
cg19285688,0.254446977,0.407139179,13.41513048,2.33e-35,6.88e-34,68.87356088,0.215432552,0.469879529,0.254446977,4,80994605,F,II,ANTXR2,TSS200,shore,TSS200-shore,chr4:80993375-80994410,TRUE,,"","",""
cg00686404,0.278703168,0.759818975,13.48668253,1.14e-35,3.47e-34,69.5847292,0.549837136,0.828540304,0.278703168,15,66858212,F,II,LCTL,TSS1500,opensea,TSS1500-opensea,"",,TRUE,"",rs34859976,""
cg27569300,0.305508413,0.522772016,10.98965975,2.33e-25,2.91e-24,45.97561521,0.292594444,0.598102857,0.305508413,15,99645065,F,I,SYNM,TSS1500,island,TSS1500-island,chr15:99645030-99646444,,,"","",""
cg13894021,0.236772387,0.355749692,10.34724901,6.62e-23,6.89e-22,40.36671287,0.177359537,0.414131924,0.236772387,22,23487383,F,II,RAB36,TSS200,island,TSS200-island,chr22:23487368-23487970,,,"",rs58367083,""
cg26764244,0.225202314,0.54222397,10.43592622,3.07e-23,3.28e-22,41.12807822,0.372550994,0.597753307,0.225202314,1,68299511,F,II,GNG12,TSS1500,shore,TSS1500-shore,chr1:68298371-68299315,,,"",rs7540541,""
cg22516643,0.213668795,0.675581985,13.3931577,2.9e-35,8.48e-34,68.65553185,0.514598646,0.728267441,0.213668795,1,107682302,F,II,NTNG1,TSS1500,shore,TSS1500-shore,chr1:107682889-107684463,,,"","",""
cg23163200,0.206947256,0.363493255,11.32346964,1.14e-26,1.57e-25,48.97251848,0.207574089,0.414521345,0.206947256,21,34186122,F,II,C21orf62,TSS200,opensea,TSS200-opensea,"",,,"","",""
cg02006203,0.376914156,0.607197847,17.34263044,2.67e-53,1.29e-50,110.055222,0.323221429,0.700135584,0.376914156,7,48128151,F,I,UPP1,TSS1500,island,TSS1500-island,chr7:48128046-48128499,,,"",rs1554494,""
cg17845761,0.301512055,0.616156542,15.19418267,2.81e-43,2.12e-41,87.04159798,0.388989925,0.69050198,0.301512055,1,175162550,R,II,KIAA0040,TSS1500,shore,TSS1500-shore,chr1:175161900-175162364,TRUE,,"","",""
cg23468130,0.236997531,0.757139949,13.03104325,1.05e-33,2.64e-32,65.08750456,0.578580166,0.815577697,0.236997531,7,114562060,R,II,MDFIC,TSS200,shore,TSS200-shore,chr7:114562170-114563193,TRUE,,"","",""
cg07601542,-0.279223747,0.253977332,-13.33587626,5.13e-35,1.46e-33,68.08795295,0.464351388,0.185127641,-0.279223747,21,34396986,R,II,OLIG2,TSS1500,island,TSS1500-island,chr21:34395128-34400245,,TRUE,"","",""
cg26234644,0.208258878,0.84940533,10.04546402,8.73e-22,8.41e-21,37.80773254,0.692497956,0.900756835,0.208258878,17,10634427,R,II,TMEM220,TSS1500,shore,TSS1500-shore,chr17:10632789-10633490,,,"","",""
cg26146617,0.399794358,0.66383953,16.38182429,9.08e-49,1.77e-46,99.64526731,0.362624603,0.762418961,0.399794358,2,232260305,R,I,B3GNT7,TSS200,island,TSS200-island,chr2:232260100-232261134,,,high-CpG:231968447-231968712,"",""
cg06481786,0.293736883,0.515113382,12.56842319,9.49e-32,2e-30,60.60116744,0.293804771,0.587541654,0.293736883,17,34257936,F,II,RDM1,TSS1500,shore,TSS1500-shore,chr17:34257646-34257848,TRUE,TRUE,"","",""
cg00091633,0.230248528,0.752334442,14.2361141,5.81e-39,2.54e-37,77.13713823,0.578859524,0.809108052,0.230248528,3,120170383,R,I,FSTL1,TSS1500,island,TSS1500-island,chr3:120169202-120170519,TRUE,,"","",""
cg26475085,0.253313718,0.40480103,11.43062633,4.28e-27,6.11e-26,49.94596885,0.213948229,0.467261947,0.253313718,5,38845600,F,II,OSMR,TSS1500,island,TSS1500-island,chr5:38845502-38846476,,,"","",""
cg18348690,0.285705483,0.590946776,16.45631601,4.07e-49,8.51e-47,100.4461499,0.375689221,0.661394704,0.285705483,1,151967697,R,II,S100A10,TSS1500,shore,TSS1500-shore,chr1:151965657-151966387,TRUE,,"","",""
cg19805953,0.255360029,0.504764384,10.35694057,6.09e-23,6.35e-22,40.44971687,0.312369841,0.56772987,0.255360029,19,48828412,R,I,EMP3,TSS1500,shelf,TSS1500-shelf,chr19:48824529-48825493,TRUE,,"","",""
cg09513259,0.230323304,0.616991435,14.68013179,6e-41,3.29e-39,81.69494965,0.443460179,0.673783483,0.230323304,9,136039474,F,II,GBGT1,TSS200,island,TSS200-island,chr9:136038416-136039577,,,"","",""
cg08074621,0.328664978,0.523679061,16.04968651,3.22e-47,4.67e-45,96.08833297,0.276054762,0.60471974,0.328664978,16,67427606,F,I,TPPP3,TSS200,island,TSS200-island,chr16:67427284-67428950,,,"","",""
cg26980692,0.306651601,0.76323162,16.51288112,2.21e-49,4.85e-47,101.0550396,0.532192742,0.838844343,0.306651601,11,60719947,F,II,SLC15A3,TSS1500,shore,TSS1500-shore,chr11:60718428-60718888,TRUE,,"","",""
cg06046490,0.36577261,0.478372361,15.97286361,7.31e-47,9.89e-45,95.26898667,0.202790257,0.568562867,0.36577261,11,320940,R,II,IFITM3,TSS200,shore,TSS200-shore,chr11:318361-319052,,,"","",""
cg08596000,0.31565661,0.550407225,15.07436356,9.86e-43,6.88e-41,85.78898686,0.312583751,0.628240361,0.31565661,11,104035204,R,II,PDGFD,TSS200,shore,TSS200-shore,chr11:104034536-104035058,,,"","",""
cg26037504,0.234515541,0.613509976,13.35864096,4.09e-35,1.18e-33,68.31337918,0.436820185,0.671335725,0.234515541,12,56113808,F,II,RDH5,TSS1500,shelf,TSS1500-shelf,chr12:56109798-56110298,,,"",rs78814946,""
cg26911787,0.393806693,0.615167778,15.69514928,1.41e-45,1.54e-43,92.31812631,0.318464105,0.712270798,0.393806693,12,96587734,F,II,ELK3,TSS1500,shore,TSS1500-shore,chr12:96587839-96588090,,,"","",""
cg15632862,0.280304877,0.659886945,14.86668664,8.63e-42,5.3e-40,83.62696079,0.448698338,0.729003216,0.280304877,1,38471572,F,II,FHL3,TSS1500,shore,TSS1500-shore,chr1:38470617-38471396,TRUE,,"","",""
cg05599550,0.409352953,0.618776916,17.65189983,8.97e-55,5.91e-52,113.4396324,0.310360308,0.719713261,0.409352953,17,48711902,F,II,ABCC3,TSS1500,shore,TSS1500-shore,chr17:48712050-48712705,TRUE,,"","",""
cg13061637,0.256062079,0.431323627,11.41624038,4.88e-27,6.94e-26,49.81496528,0.238400143,0.494462222,0.256062079,20,45523098,F,II,EYA2,TSS200,shore,TSS200-shore,chr20:45523250-45524020,,,"","",""
cg15594306,0.233774228,0.585911749,14.86493826,8.79e-42,5.39e-40,83.60880906,0.409780482,0.64355471,0.233774228,6,132723033,F,II,MOXD1,TSS1500,shore,TSS1500-shore,chr6:132722093-132722901,TRUE,,"","",""
cg19071452,0.21493837,0.837047421,14.4074947,1e-39,4.76e-38,78.88939446,0.675107553,0.890045923,0.21493837,2,152146944,F,II,NMI,TSS1500,shore,TSS1500-shore,chr2:152145869-152146319,TRUE,,"","",""
cg22424108,0.28975206,0.649252488,15.01042997,1.92e-42,1.29e-40,85.12216523,0.430946142,0.720698202,0.28975206,1,95285531,F,II,SLC44A3,TSS1500,shore,TSS1500-shore,chr1:95285602-95286319,,,"","",""
cg27299406,0.237591833,0.647071037,13.37137807,3.61e-35,1.04e-33,68.43958843,0.468063492,0.705655325,0.237591833,2,43020013,F,I,HAAO,TSS1500,island,TSS1500-island,chr2:43019665-43020509,TRUE,,high-CpG:42873185-42873845,"",""
cg25664034,0.212006814,0.80320963,14.77230612,2.3e-41,1.34e-39,82.64831152,0.643478469,0.855485283,0.212006814,7,128469891,R,II,FLNC,TSS1500,shore,TSS1500-shore,chr7:128470443-128471161,,,"","",""
cg13181928,0.280530302,0.535959367,12.34549234,8.09e-31,1.57e-29,58.46965489,0.324600921,0.605131223,0.280530302,17,6947323,F,II,SLC16A11,TSS200,island,TSS200-island,chr17:6945389-6947521,TRUE,TRUE,"","",""
cg02059637,0.293075281,0.513683953,12.75268869,1.59e-32,3.61e-31,62.37811661,0.29287381,0.585949091,0.293075281,2,165478479,R,I,GRB14,TSS200,shore,TSS200-shore,chr2:165477562-165478342,TRUE,,"",rs75422405,""
cg22618164,0.289107273,0.584363405,13.67096104,1.8e-36,5.93e-35,71.42449551,0.366542857,0.65565013,0.289107273,12,122356400,F,I,WDR66,TSS200,island,TSS200-island,chr12:122356315-122356853,TRUE,TRUE,"",rs10743185,""
cg12543949,0.225273246,0.62946153,12.12255901,6.75e-30,1.22e-28,56.35878097,0.459735112,0.685008357,0.225273246,4,159094034,R,II,FAM198B,TSS1500,opensea,TSS1500-opensea,"",,,"","",""
cg06414073,0.243186477,0.428786473,12.05459288,1.28e-29,2.26e-28,55.71944611,0.245563785,0.488750261,0.243186477,12,100967130,R,II,GAS2L3,TSS1500,shore,TSS1500-shore,chr12:100967293-100967845,,,"","",""
cg25746092,0.216032338,0.809873589,13.41602036,2.31e-35,6.82e-34,68.88239445,0.647109499,0.863141837,0.216032338,6,31081617,F,II,PSORS1C1,TSS1500,opensea,TSS1500-opensea,"",,TRUE,"",rs17190491,""
cg03237218,0.205718788,0.735948274,10.44531743,2.83e-23,3.03e-22,41.2089562,0.580954666,0.786673454,0.205718788,17,33760527,F,II,SLFN12,TSS1500,opensea,TSS1500-opensea,"",TRUE,,"","",""
cg02952361,0.285631573,0.538232358,13.23790846,1.36e-34,3.72e-33,67.11995786,0.323030487,0.608662061,0.285631573,6,36355661,F,II,ETV7,TSS200,island,TSS200-island,chr6:36355277-36356016,,,"","",""
cg25062539,0.293376674,0.542811163,15.07531833,9.76e-43,6.82e-41,85.79895327,0.321773943,0.615150617,0.293376674,8,79718482,F,II,IL7,TSS1500,shore,TSS1500-shore,chr8:79716681-79717403,,,"","",""
cg24685601,0.204704661,0.493687476,10.06577844,7.35e-22,7.12e-21,37.97840866,0.339457937,0.544162597,0.204704661,1,20512550,F,I,UBXN10,TSS200,island,TSS200-island,chr1:20512360-20512797,,,"","",""
cg01559356,0.299601978,0.690163076,15.64008269,2.53e-45,2.62e-43,91.73513436,0.464435559,0.764037537,0.299601978,19,2282568,R,II,C19orf35,TSS1500,shelf,TSS1500-shelf,chr19:2278605-2278848,TRUE,TRUE,"","",""
cg05527185,0.316952588,0.772218389,15.90880478,1.45e-46,1.86e-44,94.58677393,0.533418494,0.850371082,0.316952588,5,79330799,F,II,THBS4,TSS200,shore,TSS200-shore,chr5:79330928-79331488,,,"","",""
cg09887955,0.219797359,0.742145988,14.59437834,1.46e-40,7.63e-39,80.81017407,0.576545238,0.796342597,0.219797359,1,202129854,F,I,PTPN7,TSS1500,opensea,TSS1500-opensea,"",,,"",rs3935295,""
cg17297328,0.266700636,0.548855478,8.814235475,1.9e-17,1.36e-16,27.9143825,0.347916643,0.614617279,0.266700636,1,108743728,R,II,SLC25A24,TSS1500,shore,TSS1500-shore,chr1:108742400-108743201,,,"","",""
cg10656742,0.362065283,0.651964657,16.07895594,2.35e-47,3.5e-45,96.40084277,0.379175745,0.741241028,0.362065283,13,24152779,R,II,TNFRSF19,TSS1500,shore,TSS1500-shore,chr13:24152899-24154140,,,"","",""
cg24927974,0.293924804,0.711614148,13.510531,9e-36,2.76e-34,69.822162,0.490163953,0.784088757,0.293924804,7,35078269,R,II,DPY19L1,TSS1500,shore,TSS1500-shore,chr7:35076136-35077808,,,"","",""
cg23198559,0.315656729,0.530869338,11.77905683,1.71e-28,2.73e-27,53.14827229,0.293045775,0.608702504,0.315656729,4,106816209,F,II,NPNT,TSS1500,shore,TSS1500-shore,chr4:106816415-106817769,,,"","",""
cg04809453,-0.201658586,0.1672591,-11.2106738,3.18e-26,4.24e-25,47.95377413,0.319193651,0.117535065,-0.201658586,16,1030383,R,I,SOX8,TSS1500,island,TSS1500-island,chr16:1029878-1035327,,,"","",""
cg14271665,0.225940601,0.487865099,10.44507417,2.84e-23,3.03e-22,41.20686062,0.317635879,0.543576481,0.225940601,1,1370768,R,II,VWA1,TSS200,island,TSS200-island,chr1:1370767-1371449,,TRUE,"","",""
cg11632906,0.371207893,0.590357339,16.96699961,1.61e-51,5.41e-49,105.9655566,0.310680159,0.681888052,0.371207893,10,100028468,R,I,LOXL4,TSS1500,island,TSS1500-island,chr10:100028204-100028508,,TRUE,"","",""
cg01294490,0.41781388,0.648997841,16.11778833,1.55e-47,2.38e-45,96.81574299,0.334206561,0.752020442,0.41781388,6,35656906,F,II,FKBP5,TSS200,shore,TSS200-shore,chr6:35655607-35656856,,,"","",""
cg02831604,0.265331219,0.453407997,11.97025756,2.84e-29,4.87e-28,54.92891637,0.253500915,0.518832133,0.265331219,15,76628725,F,II,ISL2,TSS1500,shore,TSS1500-shore,chr15:76628998-76629207,,TRUE,"",rs73448114,""
cg23821329,0.413260239,0.747998216,18.288137,8.01e-58,1.04e-54,120.4458309,0.436637762,0.849898001,0.413260239,10,17269643,R,II,VIM,TSS1500,shore,TSS1500-shore,chr10:17270430-17272617,,TRUE,"","",""
cg14259707,0.267922843,0.635003327,13.98591447,7.46e-38,2.86e-36,74.59535373,0.433143651,0.701066494,0.267922843,6,31021957,F,I,HCG22,TSS200,opensea,TSS200-opensea,"",,,"",rs79458471,""
cg01254505,0.327764157,0.48333022,17.64945904,9.22e-55,6.05e-52,113.4128647,0.236384623,0.56414878,0.327764157,19,17516470,F,II,BST2,TSS200,opensea,TSS200-opensea,"",,TRUE,"","",""
cg05295810,0.20420886,0.268125832,8.268456742,1.19e-15,7.5e-15,23.83153264,0.114269841,0.318478701,0.20420886,4,110624796,F,I,CASP6,TSS200,island,TSS200-island,chr4:110623959-110624831,,,"",rs17040781,""
cg02304427,0.337381613,0.562187478,16.35001817,1.28e-48,2.41e-46,99.30365258,0.307995851,0.645377465,0.337381613,11,46402548,R,II,MDK,TSS200,shore,TSS200-shore,chr11:46402624-46404139,,,"","",""
cg02512505,0.309674675,0.473709393,13.37885547,3.35e-35,9.73e-34,68.51370726,0.240392857,0.550067532,0.309674675,16,56659552,R,I,MT1E,TSS200,island,TSS200-island,chr16:56659107-56659660,TRUE,,"","",""
cg11441847,0.206232351,0.60333639,12.82439626,7.91e-33,1.84e-31,63.07323717,0.447955852,0.654188203,0.206232351,X,117861165,F,II,IL13RA1,TSS1500,shore,TSS1500-shore,chrX:117861214-117862177,,,"","",""
cg09857513,0.205503684,0.663820299,12.65503826,4.11e-32,8.96e-31,61.43475313,0.508988756,0.71449244,0.205503684,7,120969044,F,II,WNT16,TSS200,shore,TSS200-shore,chr7:120969587-120970743,,,"","",""
cg04540406,0.206286765,0.667133929,10.23866656,1.68e-22,1.7e-21,39.44023323,0.511712394,0.717999159,0.206286765,16,46655675,R,II,SHCBP1,TSS1500,shore,TSS1500-shore,chr16:46655002-46655374,,,"","",""
cg10630155,0.218875729,0.586158069,12.46708304,2.52e-31,5.13e-30,59.62970295,0.421251697,0.640127427,0.218875729,4,16085666,R,II,PROM1,TSS200,island,TSS200-island,chr4:16084195-16085735,TRUE,,high-CpG:15694060-15695184,"",""
cg25121332,0.349526748,0.524893429,14.18189085,1.01e-38,4.29e-37,76.58461481,0.261551358,0.611078106,0.349526748,2,33171784,R,II,LTBP1,TSS1500,island,TSS1500-island,chr2:33171448-33173164,,,"","",""
cg05350188,0.326774733,0.522718395,15.10762405,6.96e-43,4.95e-41,86.13632013,0.276518254,0.603292987,0.326774733,2,26785353,R,I,C2orf70,TSS200,island,TSS200-island,chr2:26785114-26785687,TRUE,,"","",""
cg24939733,0.253420735,0.653070144,9.823925043,5.62e-21,5.11e-20,35.96152656,0.462136714,0.715557449,0.253420735,11,85397684,R,II,CCDC89,TSS1500,opensea,TSS1500-opensea,"",,,"","",""
cg12896421,0.215812874,0.727892338,13.89189737,1.94e-37,7.1e-36,73.64539599,0.565293597,0.781106471,0.215812874,3,158390510,F,II,LXN,TSS200,opensea,TSS200-opensea,"",TRUE,,"",rs17698034,""
cg15146752,0.219361044,0.712281576,13.60059355,3.65e-36,1.16e-34,70.72059474,0.547009557,0.766370601,0.219361044,1,16482767,F,II,EPHA2,TSS1500,island,TSS1500-island,chr1:16481484-16482782,,,"","",""
cg26010734,0.268884315,0.752646771,11.97079207,2.83e-29,4.84e-28,54.93391691,0.550062698,0.818947013,0.268884315,19,15344046,R,I,EPHX3,TSS200,shore,TSS200-shore,chr19:15344091-15344419,TRUE,,"","",""
cg14085262,0.317476731,0.592069034,17.08225091,4.58e-52,1.73e-49,107.2177888,0.352874237,0.670350968,0.317476731,1,203155938,R,II,CHI3L1,TSS200,opensea,TSS200-opensea,"",,TRUE,low-CpG:201422087-201422565,"",""
cg24259244,0.2052936,0.36559011,10.84681482,8.32e-25,9.99e-24,44.71002972,0.210916849,0.416210449,0.2052936,13,100624279,R,II,ZIC5,TSS200,island,TSS200-island,chr13:100620241-100624348,,,"","",""
cg15837913,0.353694381,0.739507926,17.69724917,5.45e-55,3.76e-52,113.9371318,0.473025858,0.826720239,0.353694381,9,5449890,F,II,CD274,TSS1500,shore,TSS1500-shore,chr9:5450409-5450629,,TRUE,"","",""
cg22689909,0.279853901,0.792604981,16.95104147,1.91e-51,6.35e-49,105.7923522,0.581756151,0.861610053,0.279853901,5,95159365,R,II,GLRX,TSS1500,opensea,TSS1500-opensea,"",TRUE,TRUE,"","",""
cg10506097,0.223242395,0.331864579,10.88054049,6.17e-25,7.48e-24,45.00790604,0.163668254,0.386910649,0.223242395,16,56651356,F,I,MT1L,TSS200,island,TSS200-island,chr16:56650981-56651384,TRUE,TRUE,"",rs61749563,""
cg16873414,0.23244137,0.819536818,15.69212863,1.46e-45,1.58e-43,92.28612805,0.644409758,0.876851129,0.23244137,22,44568699,R,II,PARVG,TSS200,opensea,TSS200-opensea,"",,TRUE,"","",""
cg16257983,0.324554626,0.558382754,17.34736166,2.53e-53,1.24e-50,110.1068833,0.313855296,0.638409922,0.324554626,10,90750218,R,II,FAS,TSS200,shore,TSS200-shore,chr10:90750293-90751108,TRUE,,"","",""
cg23036947,0.201658543,0.447900391,9.839021119,4.96e-21,4.53e-20,36.08644442,0.295965873,0.497624416,0.201658543,1,1294018,R,I,MXRA8,TSS200,shelf,TSS200-shelf,chr1:1289707-1291126,,,"","",""
cg15058557,0.202977503,0.619199465,11.68062486,4.26e-28,6.59e-27,52.23796798,0.466271209,0.669248713,0.202977503,1,33169666,F,II,SYNC,TSS1500,shore,TSS1500-shore,chr1:33168019-33168865,,,"","",""
cg25289803,0.200074589,0.355310176,6.511952343,1.78e-10,7.83e-10,12.10552825,0.204569048,0.404643636,0.200074589,7,44143774,F,I,AEBP1,TSS200,opensea,TSS200-opensea,"",,TRUE,"","",""
cg18395636,0.273535815,0.596918787,15.77324171,6.15e-46,7.13e-44,93.14611268,0.390830159,0.664365974,0.273535815,11,87908785,F,I,RAB38,TSS200,shore,TSS200-shore,chr11:87908243-87908614,,,"","",""
cg16155498,0.252827186,0.345690998,14.07128084,3.13e-38,1.25e-36,75.46037015,0.155204762,0.408031948,0.252827186,20,43977199,F,I,SDC4,TSS200,island,TSS200-island,chr20:43976533-43977242,,,"","",""
cg12479098,0.204497565,0.663043142,15.50220297,1.09e-44,1.02e-42,90.27857287,0.508969635,0.713467199,0.204497565,11,6342231,R,II,PRKCDBP,TSS1500,shore,TSS1500-shore,chr11:6340445-6341909,,,"","",rs74906493
cg27494647,0.363554978,0.644944618,13.61341264,3.21e-36,1.03e-34,70.84870079,0.371033333,0.734588312,0.363554978,7,150038898,F,I,RARRES2,TSS200,island,TSS200-island,chr7:150037459-150039031,TRUE,,"","",""
cg10334385,0.217411258,0.476312057,12.0257972,1.69e-29,2.94e-28,55.44917727,0.312509054,0.529920312,0.217411258,2,11272868,R,II,C2orf50,TSS1500,opensea,TSS1500-opensea,"",,,"","",""
cg20730198,0.348242073,0.583669201,12.91975647,3.12e-33,7.53e-32,64.0007249,0.321295036,0.669537109,0.348242073,2,160654866,R,II,CD302,TSS200,shore,TSS200-shore,chr2:160654229-160654631,TRUE,,"","",""
cg15929573,0.23748013,0.341501957,11.32508554,1.12e-26,1.55e-25,48.98715738,0.162578571,0.400058701,0.23748013,12,49658188,F,I,TUBA1C,TSS1500,shore,TSS1500-shore,chr12:49658246-49659175,,,"","",""
cg21387604,0.35975751,0.548893663,14.28559892,3.5e-39,1.57e-37,77.64217002,0.277843484,0.637600994,0.35975751,1,218518468,R,II,TGFB2,TSS1500,shore,TSS1500-shore,chr1:218519057-218519674,,,"","",""
cg11485451,0.365330014,0.617126419,14.43836474,7.29e-40,3.52e-38,79.20596311,0.341877778,0.707207792,0.365330014,5,133451240,F,I,TCF7,TSS200,island,TSS200-island,chr5:133449320-133451260,,,"","",""
cg25591868,0.272796465,0.579988286,11.12926087,6.63e-26,8.64e-25,47.22230399,0.374456703,0.647253168,0.272796465,1,182573931,R,II,RGS16,TSS1500,shore,TSS1500-shore,chr1:182573375-182573760,,,"","",""
cg07044422,0.23623879,0.708745909,16.34143349,1.4e-48,2.62e-46,99.21148388,0.530757779,0.766996569,0.23623879,22,42828516,F,II,NFAM1,TSS200,opensea,TSS200-opensea,"",,,"","",""
cg23334365,0.341456753,0.617097652,16.68929487,3.28e-50,8.4e-48,102.9580465,0.359835714,0.701292468,0.341456753,11,67806337,F,I,TCIRG1,TSS200,island,TSS200-island,chr11:67806251-67806611,,,"","",""
cg03591467,0.240002211,0.851608842,16.334619,1.51e-48,2.81e-46,99.13833155,0.670785258,0.910787469,0.240002211,2,163101493,R,II,FAP,TSS1500,opensea,TSS1500-opensea,"",,TRUE,"","",""
cg05035456,0.383297013,0.653663992,16.65872218,4.57e-50,1.14e-47,102.6278241,0.364878571,0.748175584,0.383297013,20,3662948,F,I,ADAM33,TSS1500,island,TSS1500-island,chr20:3662310-3663187,TRUE,,"",rs3918390,""
cg11110643,0.285874416,0.683691977,16.36617917,1.08e-48,2.05e-46,99.47720458,0.468307143,0.754181558,0.285874416,11,72929135,R,I,P2RY2,TSS1500,island,TSS1500-island,chr11:72928982-72929885,TRUE,TRUE,"","",""
cg00961640,0.271049342,0.755549777,14.3191364,2.48e-39,1.13e-37,77.98487279,0.551334519,0.822383862,0.271049342,1,110933767,F,II,SLC16A4,TSS200,opensea,TSS200-opensea,"",,TRUE,"","",""
cg01363662,0.29767197,0.473151733,12.49353299,1.95e-31,4.02e-30,59.88285475,0.248878331,0.546550301,0.29767197,15,76016306,F,II,ODF3L1,TSS200,opensea,TSS200-opensea,"",,TRUE,low-CpG:73803351-73803388,"",rs79170368
cg06120945,0.366996032,0.653007828,13.92220654,1.42e-37,5.29e-36,73.9513291,0.376503968,0.7435,0.366996032,16,56622960,R,I,MT3,TSS1500,shore,TSS1500-shore,chr16:56623068-56623914,,TRUE,"","",""
cg14686113,0.317878009,0.584392368,16.57165115,1.17e-49,2.72e-47,101.6883324,0.344895238,0.662773247,0.317878009,4,54965829,F,I,GSX2,TSS1500,shore,TSS1500-shore,chr4:54966163-54968063,TRUE,,"","",""
cg21737039,0.363372742,0.546887476,16.58566391,1.01e-49,2.37e-47,101.8394305,0.273113492,0.636486234,0.363372742,4,8271391,R,I,HTRA3,TSS200,island,TSS200-island,chr4:8271214-8272091,TRUE,TRUE,"","",""
cg04521957,0.261452756,0.38996908,8.93925828,7.19e-18,5.3e-17,28.8768209,0.192984127,0.454436883,0.261452756,7,26904713,R,I,SKAP2,TSS1500,island,TSS1500-island,chr7:26903869-26904753,,,"","",""
cg07317017,0.216907398,0.49224794,9.439583843,1.33e-19,1.1e-18,32.8258063,0.328824558,0.545731956,0.216907398,15,74218715,R,II,LOXL1,TSS200,island,TSS200-island,chr15:74218696-74220373,,,"","",""
cg09447578,0.203051459,0.713060086,13.5097262,9.07e-36,2.78e-34,69.81414631,0.560076111,0.763127569,0.203051459,7,21582444,R,II,DNAH11,TSS1500,island,TSS1500-island,chr7:21582443-21583313,TRUE,,"","",""
cg11769406,0.202097258,0.241530137,9.070549013,2.56e-18,1.94e-17,29.898123,0.089265079,0.291362338,0.202097258,22,43547298,R,I,TSPO,TSS1500,shore,TSS1500-shore,chr22:43547319-43548169,,,"","",""
cg21695485,0.327088139,0.627060078,14.64547339,8.59e-41,4.62e-39,81.33710151,0.38062381,0.707711948,0.327088139,11,66824219,F,I,RHOD,TSS200,island,TSS200-island,chr11:66824118-66824621,,,"","",""
cg09693432,0.235312597,0.486011742,11.49225863,2.43e-27,3.53e-26,50.50831697,0.308721429,0.544034026,0.235312597,5,7851280,F,I,C5orf49,TSS200,island,TSS200-island,chr5:7850957-7851413,TRUE,,"","",""
cg16334795,0.321666934,0.578056709,11.82692449,1.09e-28,1.77e-27,53.59253451,0.33570491,0.657371844,0.321666934,21,42538894,R,II,BACE2,TSS1500,shore,TSS1500-shore,chr21:42539367-42540872,,,"","",""
cg03350299,0.23238125,0.708044182,14.81179873,1.53e-41,9.08e-40,83.05751634,0.532962418,0.765343668,0.23238125,2,21266960,F,II,APOB,TSS200,island,TSS200-island,chr2:21266669-21266961,,TRUE,high-CpG:21120314-21120512,rs72653052,""
cg22502502,0.206154821,0.750946857,11.32995277,1.07e-26,1.49e-25,49.03125833,0.595624732,0.801779552,0.206154821,6,25962567,F,II,TRIM38,TSS1500,opensea,TSS1500-opensea,"",TRUE,TRUE,"","",""
cg01779447,0.311664632,0.516932485,13.7173283,1.13e-36,3.8e-35,71.88923628,0.282116667,0.593781299,0.311664632,6,29720315,R,I,IFITM4P,TSS1500,shore,TSS1500-shore,chr6:29720381-29721101,,,"","",""
cg08985333,0.29905461,0.607139206,18.92510093,6.75e-61,1.85e-57,127.5108084,0.381824089,0.680878698,0.29905461,16,10970960,F,II,CIITA,TSS200,shore,TSS200-shore,chr16:10972782-10973305,TRUE,,"","",""
cg10069121,0.284912134,0.592679062,11.22245962,2.85e-26,3.83e-25,48.05993351,0.378019235,0.662931369,0.284912134,1,152009711,F,II,S100A11,TSS1500,shore,TSS1500-shore,chr1:152008838-152009112,,,"","",""
cg26987645,0.31493094,0.799544478,18.92077001,7.09e-61,1.93e-57,127.462621,0.562267742,0.877198682,0.31493094,1,203320386,R,II,FMOD,TSS200,opensea,TSS200-opensea,"",,,"","",""
cg11402586,0.293596955,0.430113503,14.66054017,7.34e-41,3.98e-39,81.49262382,0.208910317,0.502507273,0.293596955,5,52284785,R,I,ITGA2,TSS1500,island,TSS1500-island,chr5:52284715-52285489,,,"","",""
cg23587449,0.311008809,0.496573037,15.4528504,1.84e-44,1.66e-42,89.75833345,0.262251332,0.573260141,0.311008809,4,155663689,R,II,LRAT,TSS1500,shore,TSS1500-shore,chr4:155663809-155664315,,,"","",""
cg07680533,0.200787765,0.534259221,12.3472661,7.95e-31,1.55e-29,58.48653376,0.382980768,0.583768533,0.200787765,1,151345248,F,II,SELENBP1,TSS200,opensea,TSS200-opensea,"",,TRUE,"",rs79368523,""
cg18865399,0.258809387,0.448280894,11.00287082,2.07e-25,2.6e-24,46.09318081,0.25328752,0.512096907,0.258809387,6,122931192,F,II,PKIB,TSS200,island,TSS200-island,chr6:122931153-122931705,TRUE,,"","",""
cg07826859,0.224264587,0.774562636,20.19916491,4.28e-67,5.46e-63,141.7582684,0.605596166,0.829860753,0.224264587,7,45020086,R,II,MYO1G,TSS1500,opensea,TSS1500-opensea,"",,TRUE,"","",""
cg04999148,0.26185925,0.343075342,12.24064258,2.2e-30,4.12e-29,57.47425678,0.145784127,0.407643377,0.26185925,11,65188955,R,I,NEAT1,TSS1500,shore,TSS1500-shore,chr11:65189463-65190295,TRUE,TRUE,"","",""
cg07483811,0.306561342,0.599138289,13.42459713,2.12e-35,6.28e-34,68.96754813,0.368167414,0.674728757,0.306561342,18,2846237,F,II,EMILIN2,TSS1500,shore,TSS1500-shore,chr18:2846565-2848175,TRUE,,"","",""
cg04742550,0.372882338,0.68369589,17.98371618,2.32e-56,2.1e-53,117.0866533,0.402757143,0.775639481,0.372882338,16,31366429,R,I,ITGAX,TSS200,opensea,TSS200-opensea,"",TRUE,,"","",""
cg08670465,0.205266043,0.838686258,14.83660252,1.18e-41,7.13e-40,83.31474437,0.68403376,0.889299802,0.205266043,5,169725100,F,II,LCP2,TSS1500,opensea,TSS1500-opensea,"",,,low-CpG:169657224-169657871,"",""
cg20331288,0.262673247,0.673918787,16.52791939,1.88e-49,4.2e-47,101.2170242,0.476014286,0.738687532,0.262673247,7,155326803,R,I,CNPY1,TSS1500,shore,TSS1500-shore,chr7:155325811-155326357,TRUE,,"","",""
cg18903093,0.266922102,0.580084358,9.731962213,1.21e-20,1.07e-19,35.20337975,0.378978665,0.645900766,0.266922102,10,63422511,R,II,C10orf107,TSS1500,shore,TSS1500-shore,chr10:63422538-63423105,TRUE,TRUE,"","",""
cg18800827,0.310121486,0.427228571,12.56613546,9.7e-32,2.05e-30,60.57919098,0.193575397,0.503696883,0.310121486,17,42633783,R,I,FZD2,TSS1500,shore,TSS1500-shore,chr17:42634829-42636851,,,"","",""
cg10377245,0.205339928,0.648366149,15.07059984,1.03e-42,7.13e-41,85.74970148,0.493657984,0.698997913,0.205339928,17,80189973,F,II,SLC16A3,TSS200,island,TSS200-island,chr17:80186135-80189990,,,"",rs3176828,""
cg21985251,0.407335902,0.561879452,13.95767216,9.93e-38,3.76e-36,74.30968955,0.25498254,0.662318442,0.407335902,5,1112346,F,I,SLC12A7,TSS200,island,TSS200-island,chr5:1111396-1112388,,,"","",""
cg08623535,0.355431239,0.678016214,15.61058858,3.46e-45,3.5e-43,91.42317472,0.410225554,0.765656794,0.355431239,5,121414267,F,II,LOX,TSS1500,shore,TSS1500-shore,chr5:121412500-121414077,TRUE,TRUE,"","",""
cg07288447,0.226361336,0.794866904,11.18033063,4.18e-26,5.53e-25,47.68077229,0.624320692,0.850682028,0.226361336,2,27371818,R,II,TCF23,TSS200,shore,TSS200-shore,chr2:27373013-27373214,,,"","",""
cg19536559,-0.260933041,0.595333812,-10.99625381,2.19e-25,2.75e-24,46.03428495,0.791927199,0.530994158,-0.260933041,2,215276325,F,II,VWC2L,TSS200,opensea,TSS200-opensea,"",,,"","",""
cg13990947,0.323534892,0.652340117,13.65165709,2.19e-36,7.14e-35,71.23122604,0.408580952,0.732115844,0.323534892,9,19128801,R,I,PLIN2,TSS1500,shore,TSS1500-shore,chr9:19127179-19127880,TRUE,,"","",""
cg14603520,0.259589423,0.603323065,8.708240034,4.31e-17,3.01e-16,27.1062364,0.407741992,0.667331416,0.259589423,X,152760248,F,II,BGN,TSS200,opensea,TSS200-opensea,"",,TRUE,"","",""
cg17957640,0.23854013,0.44505773,9.311503047,3.75e-19,3.01e-18,31.80029507,0.265335714,0.503875844,0.23854013,11,76839205,F,I,MYO7A,TSS200,opensea,TSS200-opensea,"",,TRUE,"",rs41298127,""
cg06214007,0.228345755,0.825644076,14.99319227,2.3e-42,1.53e-40,84.94256481,0.653602754,0.881948509,0.228345755,1,89829308,F,II,GBP6,TSS200,opensea,TSS200-opensea,"",,,"","",""
cg26118435,0.28424876,0.542044117,10.59643962,7.58e-24,8.48e-23,42.51687178,0.327884093,0.612132853,0.28424876,2,161350826,F,II,RBMS1,TSS1500,shore,TSS1500-shore,chr2:161349223-161350371,,,"","",""
cg11386080,0.355237498,0.643049003,15.92363137,1.24e-46,1.6e-44,94.74459238,0.375404313,0.730641811,0.355237498,6,56112392,R,II,COL21A1,TSS200,island,TSS200-island,chr6:56112188-56112444,,,"","",""
cg23985941,0.221710115,0.402542661,11.50888908,2.08e-27,3.05e-26,50.66036218,0.235500794,0.457210909,0.221710115,14,105266545,R,I,ZBTB42,TSS1500,island,TSS1500-island,chr14:105266444-105267838,,,"","",""
cg05829479,0.403147317,0.631751009,14.86165374,9.09e-42,5.57e-40,83.57471141,0.32800988,0.731157197,0.403147317,6,49518079,R,II,C6orf141,TSS200,shore,TSS200-shore,chr6:49518315-49519186,,,"","",""
cg01217071,0.215604838,0.542963457,7.727334064,5.88e-14,3.31e-13,19.98166888,0.380521456,0.596126294,0.215604838,2,201450323,F,II,AOX1,TSS1500,shore,TSS1500-shore,chr2:201450526-201451027,,TRUE,"","",""
cg17579753,0.32227087,0.61602939,16.71008139,2.62e-50,6.81e-48,103.1826675,0.37322257,0.69549344,0.32227087,17,34079998,F,II,GAS2L2,TSS200,opensea,TSS200-opensea,"",,,"","",""
cg17445830,0.254950384,0.533765476,8.568449126,1.25e-16,8.48e-16,26.05152807,0.341679571,0.596629955,0.254950384,4,113218385,F,II,ALPK1,TSS200,opensea,TSS200-opensea,"",TRUE,,"","",""
cg10725937,0.215436716,0.856973004,18.6962211,8.64e-60,1.83e-56,124.9669035,0.69465767,0.910094386,0.215436716,6,41130978,R,II,TREM2,TSS200,opensea,TSS200-opensea,"",,,"","",""
cg18766864,0.281971371,0.539947358,13.99681512,6.68e-38,2.57e-36,74.70567992,0.327503175,0.609474545,0.281971371,22,38863605,R,I,KDELR3,TSS1500,shore,TSS1500-shore,chr22:38863881-38864263,,,"","",""
cg09105913,0.252628349,0.834214839,14.05921616,3.54e-38,1.41e-36,75.33797778,0.643878412,0.896506761,0.252628349,4,26492153,F,II,CCKAR,TSS200,opensea,TSS200-opensea,"",,,"",rs1799723,""
cg27147785,0.317016777,0.700784459,19.83583001,2.54e-65,1.97e-61,137.6822755,0.461936202,0.778952979,0.317016777,12,113416145,F,II,OAS2,TSS200,opensea,TSS200-opensea,"",TRUE,TRUE,"",rs61511950,""
cg09593286,0.246974596,0.451333906,11.70747079,3.32e-28,5.19e-27,52.48580485,0.265257155,0.512231752,0.246974596,15,45926878,R,II,SQRDL,TSS1500,island,TSS1500-island,chr15:45926877-45927758,TRUE,,"","",""
cg26366091,0.35027385,0.708864644,19.89982272,1.24e-65,1.09e-61,138.3995136,0.444959689,0.795233539,0.35027385,1,111770274,R,II,CHI3L2,TSS200,opensea,TSS200-opensea,"",,,"","",""
cg05819150,0.347453207,0.727272636,15.61144432,3.43e-45,3.47e-43,91.43222298,0.465492823,0.81294603,0.347453207,11,101980380,F,II,YAP1,TSS1500,shore,TSS1500-shore,chr11:101980632-101982330,,,"","",""
cg09282258,0.325247552,0.641087635,14.29817401,3.08e-39,1.39e-37,77.77062832,0.39603811,0.721285662,0.325247552,7,29603407,F,II,PRR15,TSS200,shore,TSS200-shore,chr7:29603540-29604793,,,high-CpG:29569913-29570088,"",""
cg18587340,0.280043838,0.502680822,15.88314312,1.91e-46,2.4e-44,94.3137409,0.291688889,0.571732727,0.280043838,20,39995654,F,I,EMILIN3,TSS200,island,TSS200-island,chr20:39994545-39995810,,,"","",""
cg21239311,0.317736825,0.488136791,13.60193472,3.6e-36,1.15e-34,70.73399496,0.248746032,0.566482857,0.317736825,6,108486007,R,I,NR2E1,TSS1500,island,TSS1500-island,chr6:108485671-108490539,,,"","",""
cg25800166,0.253139599,0.826219528,15.30760533,8.51e-44,6.93e-42,88.2307691,0.635497912,0.888637511,0.253139599,12,113375896,R,II,OAS3,TSS1500,shore,TSS1500-shore,chr12:113376185-113376493,TRUE,,"","",""
cg18844118,0.225443014,0.494727747,8.81567349,1.88e-17,1.35e-16,27.92539596,0.324873421,0.550316435,0.225443014,7,26191489,F,II,NFE2L3,TSS1500,shore,TSS1500-shore,chr7:26191794-26192757,TRUE,,"","",""
cg06288821,0.399070938,0.649411155,16.71741045,2.42e-50,6.32e-48,103.2618854,0.34874127,0.747812208,0.399070938,8,56791882,R,I,LYN,TSS1500,shore,TSS1500-shore,chr8:56792115-56793325,,,"","",""
cg03782861,0.280156276,0.709419188,13.29831961,7.46e-35,2.09e-33,67.71645609,0.498342542,0.778498818,0.280156276,12,97857511,F,II,RMST,TSS1500,opensea,TSS1500-opensea,"",,,"","",""
cg18808506,0.248516845,0.817276702,15.00068498,2.13e-42,1.41e-40,85.02062195,0.630037983,0.878554828,0.248516845,5,142078020,R,II,FGF1,TSS1500,opensea,TSS1500-opensea,"",,TRUE,"","",""
cg04574090,0.263032881,0.692060318,15.8363003,3.14e-46,3.81e-44,93.81573024,0.493884859,0.75691774,0.263032881,11,74178749,F,II,KCNE3,TSS200,island,TSS200-island,chr11:74178175-74178801,,TRUE,"","",""
cg06074896,0.275216265,0.512555099,10.98582961,2.41e-25,3.01e-24,45.94154703,0.305200378,0.580416643,0.275216265,7,1500176,R,II,MICALL2,TSS1500,shore,TSS1500-shore,chr7:1498575-1499123,,TRUE,"","",""
cg01406381,0.265547068,0.498872355,13.3328365,5.29e-35,1.51e-33,68.0578659,0.298802646,0.564349714,0.265547068,19,47288263,F,II,SLC1A5,TSS200,shelf,TSS200-shelf,chr19:47290585-47291983,,,"","",""
cg19598514,0.203302442,0.680152777,12.85824979,5.69e-33,1.34e-31,63.40210097,0.526979704,0.730282146,0.203302442,11,442149,R,II,ANO9,TSS200,opensea,TSS200-opensea,"",TRUE,TRUE,"","",""
cg24495017,0.298168177,0.724205206,15.9088641,1.45e-46,1.86e-44,94.58740528,0.49955795,0.797726127,0.298168177,5,134370530,F,II,PITX1,TSS1500,shore,TSS1500-shore,chr5:134368578-134370466,,,"","",""
cg20371266,0.323109567,0.496369667,13.49443849,1.06e-35,3.22e-34,69.66192494,0.252930952,0.576040519,0.323109567,2,233390781,F,I,CHRND,TSS200,shore,TSS200-shore,chr2:233386614-233389161,,,"",rs2278479,""
cg09680007,0.310608917,0.683550325,17.39425079,1.52e-53,7.75e-51,110.6190715,0.449529908,0.760138826,0.310608917,1,153521909,F,II,S100A3,TSS200,opensea,TSS200-opensea,"",,,"",rs79270468,""
cg21536042,0.343201356,0.531387476,14.87451335,7.95e-42,4.91e-40,83.7082283,0.272811111,0.616012468,0.343201356,8,101170031,F,I,SPAG1,TSS1500,shore,TSS1500-shore,chr8:101170161-101170827,,,"","",""
cg26851661,0.248214043,0.506800402,14.00086701,6.41e-38,2.47e-36,74.74669906,0.319789822,0.568003865,0.248214043,19,16045708,R,II,CYP4F11,TSS200,opensea,TSS200-opensea,"",TRUE,,"","",""
cg01512026,0.255985314,0.398021013,9.410407338,1.69e-19,1.39e-18,32.59132876,0.205155365,0.461140679,0.255985314,1,27718277,F,II,GPR3,TSS1500,shore,TSS1500-shore,chr1:27718892-27719349,,TRUE,"","",""
cg14484145,0.217369958,0.586872168,12.33664526,8.8e-31,1.71e-29,58.38548703,0.423100281,0.640470239,0.217369958,5,149792371,F,II,CD74,TSS200,opensea,TSS200-opensea,"",TRUE,,low-CpG:149772469-149772724,"",""
cg25997500,0.201442333,0.628214427,9.785335122,7.75e-21,6.99e-20,35.64279535,0.476442806,0.677885139,0.201442333,2,160919253,R,II,PLA2R1,TSS200,shore,TSS200-shore,chr2:160918674-160919177,TRUE,,"","",""
cg05658107,0.226232445,0.824425043,13.15052951,3.22e-34,8.53e-33,66.25953121,0.65397594,0.880208385,0.226232445,4,40198392,R,II,RHOH,TSS200,opensea,TSS200-opensea,"",,,"","",""
cg06661994,0.253873122,0.789114036,15.54146777,7.2e-45,6.93e-43,90.69289917,0.597839766,0.851712888,0.253873122,20,62184363,F,II,C20orf195,TSS200,shore,TSS200-shore,chr20:62185073-62185572,,,"","",""
cg04424621,0.229966786,0.437420027,7.455318504,3.88e-13,2.06e-12,18.12409121,0.26415738,0.494124166,0.229966786,6,27101941,F,II,HIST1H2BJ,TSS1500,shore,TSS1500-shore,chr6:27100174-27101124,,,"","",""
cg09432376,0.267493896,0.576689343,11.05375253,1.31e-25,1.67e-24,46.54678949,0.375152846,0.642646741,0.267493896,22,36044226,R,II,APOL6,TSS200,opensea,TSS200-opensea,"",,,"","",""
cg02779592,0.310656473,0.442243841,12.64612167,4.48e-32,9.73e-31,61.34880135,0.208187595,0.518844068,0.310656473,X,99899134,F,II,SRPX2,TSS200,opensea,TSS200-opensea,"",,,"","",""
cg18056266,0.268486892,0.42418904,12.18768412,3.64e-30,6.71e-29,56.9732513,0.221904395,0.490391288,0.268486892,3,99357081,R,II,COL8A1,TSS1500,opensea,TSS1500-opensea,"",,,"","",""
cg04329551,0.228863736,0.787805607,16.3541957,1.22e-48,2.31e-46,99.34850976,0.615374025,0.844237761,0.228863736,1,9212521,F,II,MIR34A,TSS1500,opensea,TSS1500-opensea,"",,,"","",""
cg11183001,0.233585136,0.38324445,9.877389173,3.6e-21,3.31e-20,36.40452143,0.20725565,0.440840785,0.233585136,5,34838922,R,II,TTC23L,TSS1500,island,TSS1500-island,chr5:34838921-34839624,,,"","",""
cg18438944,0.239632597,0.44495225,10.52302287,1.44e-23,1.58e-22,41.87996398,0.264407143,0.50403974,0.239632597,16,56672525,R,I,MT1A,TSS200,island,TSS200-island,chr16:56671937-56672530,,,"","",""
cg06144905,0.226814551,0.353848398,10.50861907,1.63e-23,1.78e-22,41.75534125,0.182960723,0.409775274,0.226814551,17,27369780,F,II,PIPOX,TSS200,opensea,TSS200-opensea,"",,,"","",""
cg10054641,0.349118047,0.711278241,14.6219997,1.09e-40,5.81e-39,81.0949311,0.448244096,0.797362143,0.349118047,8,133773093,F,II,TMEM71,TSS200,opensea,TSS200-opensea,"",TRUE,,"","",rs77902459
cg13997435,0.278998523,0.761461424,18.88430093,1.06e-60,2.76e-57,127.0569289,0.551257058,0.83025558,0.278998523,1,153538406,R,II,S100A2,TSS200,opensea,TSS200-opensea,"",,,"","",""
cg17814457,0.25435938,0.466746184,11.74143488,2.42e-28,3.83e-27,52.79982441,0.275105556,0.529464935,0.25435938,4,1004609,F,I,FGFRL1,TSS1500,island,TSS1500-island,chr4:1003106-1005455,,TRUE,"","",""
cg06225154,0.272211227,0.597358904,16.05542341,3.02e-47,4.42e-45,96.14957119,0.392268254,0.664479481,0.272211227,22,37640364,R,I,RAC2,TSS200,opensea,TSS200-opensea,"",TRUE,,"","",""
cg14349538,0.292372597,0.660773581,16.97733105,1.44e-51,4.87e-49,106.0777148,0.440492857,0.732865455,0.292372597,7,128577651,F,I,IRF5,TSS1500,shore,TSS1500-shore,chr7:128577818-128578756,,,"","",""
cg14504418,0.373445887,0.759886628,15.49680038,1.16e-44,1.07e-42,90.22159353,0.478523289,0.851969175,0.373445887,11,102187898,R,II,BIRC3,TSS1500,shore,TSS1500-shore,chr11:102188179-102188440,TRUE,TRUE,"","",""
cg08476224,0.335326061,0.587181018,14.35600276,1.7e-39,7.89e-38,78.36198621,0.334538095,0.669864156,0.335326061,8,128806271,R,I,PVT1,TSS1500,island,TSS1500-island,chr8:128806081-128806899,TRUE,,high-CpG:128875415-128876028,"",""
cg00465319,0.26391348,0.698323945,11.39877527,5.72e-27,8.1e-26,49.65605328,0.499485022,0.763398502,0.26391348,3,123339568,R,II,MYLK,TSS200,opensea,TSS200-opensea,"",,,"","",""
cg18270926,0.201734223,0.304960686,10.40928153,3.87e-23,4.1e-22,40.89886844,0.152969148,0.354703371,0.201734223,4,135123103,F,II,PABPC4L,TSS1500,opensea,TSS1500-opensea,"",,,"","",""
cg14514237,0.348756228,0.695681336,15.28276984,1.11e-43,8.85e-42,87.97010193,0.432919794,0.781676023,0.348756228,10,45868696,R,II,ALOX5,TSS1500,shore,TSS1500-shore,chr10:45868718-45870156,,,"","",""
cg12929678,0.227967292,0.773985479,12.68135915,3.18e-32,7.01e-31,61.68865847,0.6022293,0.830196592,0.227967292,18,67624393,R,II,CD226,TSS200,opensea,TSS200-opensea,"",,,"","",""
cg18982587,0.203985227,0.714214674,13.05653744,8.14e-34,2.08e-32,65.33712754,0.560527174,0.764512401,0.203985227,11,47608047,R,II,FAM180B,TSS200,shelf,TSS200-shelf,chr11:47611138-47612438,,,"","",""
cg26152923,0.211393216,0.663903584,14.27734539,3.81e-39,1.7e-37,77.55788402,0.504634723,0.716027939,0.211393216,19,18284120,F,II,IFI30,TSS1500,shore,TSS1500-shore,chr19:18284521-18285023,,TRUE,"","",""
cg03840504,0.237230942,0.642902867,13.84635328,3.07e-37,1.1e-35,73.18625092,0.464167226,0.701398168,0.237230942,3,122296369,F,II,PARP15,TSS200,shore,TSS200-shore,chr3:122296612-122296828,,,"","",""
cg12084392,0.266073955,0.663110487,17.53753461,3.15e-54,1.84e-51,112.1863767,0.462643809,0.728717763,0.266073955,20,61447623,F,II,COL9A3,TSS1500,shore,TSS1500-shore,chr20:61447685-61448891,,,"","",""
cg08115556,0.264313526,0.335748388,14.0143717,5.58e-38,2.17e-36,74.88345142,0.13660806,0.400921586,0.264313526,8,142137922,R,II,DENND3,TSS1500,shore,TSS1500-shore,chr8:142138208-142139342,,,"","",""
cg07107453,0.241440094,0.696020271,11.12852099,6.68e-26,8.7e-25,47.21567122,0.514113351,0.755553445,0.241440094,1,79114976,F,II,IFI44,TSS1500,opensea,TSS1500-opensea,"",,,"","",""
cg19241468,0.374011617,0.579043445,17.82881269,1.28e-55,1e-52,115.3821388,0.297253871,0.671265488,0.374011617,3,122399344,F,II,PARP14,TSS1500,shore,TSS1500-shore,chr3:122399655-122400190,,,"","",""
cg24254387,0.296813091,0.502841058,13.78082324,5.95e-37,2.07e-35,72.52682167,0.279214757,0.576027848,0.296813091,1,45273495,F,II,BTBD19,TSS1500,shore,TSS1500-shore,chr1:45271679-45272318,,TRUE,"",rs17885777,""
cg21176475,0.239030765,0.281080723,9.85207435,4.44e-21,4.07e-20,36.19456324,0.10098905,0.340019815,0.239030765,12,122667627,R,II,LRRC43,TSS200,shore,TSS200-shore,chr12:122667648-122668038,TRUE,,"","",""
cg23053961,0.216698146,0.691637827,13.65359188,2.14e-36,7.01e-35,71.25059123,0.5283721,0.745070247,0.216698146,9,4300432,F,II,GLIS3,TSS1500,shore,TSS1500-shore,chr9:4297817-4300182,,,"","",""
cg22325530,0.369007959,0.589065416,16.18197658,7.79e-48,1.26e-45,97.50226479,0.311045721,0.68005368,0.369007959,12,111127346,F,II,HVCN1,TSS1500,island,TSS1500-island,chr12:111126611-111127347,TRUE,TRUE,"","",""
cg02291556,0.262778023,0.698563601,16.78373958,1.18e-50,3.29e-48,103.979278,0.500580159,0.763358182,0.262778023,1,47656140,R,I,PDZK1IP1,TSS1500,opensea,TSS1500-opensea,"",TRUE,,"","",""
cg10179949,0.221889661,0.483780816,11.71013662,3.24e-28,5.07e-27,52.51043321,0.316603674,0.538493335,0.221889661,1,159795589,R,II,SLAMF8,TSS1500,opensea,TSS1500-opensea,"",,,"","",""
cg21565914,0.323475116,0.660771478,14.34480988,1.91e-39,8.8e-38,78.24744843,0.417057349,0.740532465,0.323475116,2,162931175,R,II,DPP4,TSS200,shore,TSS200-shore,chr2:162930233-162930879,TRUE,TRUE,"","",""
cg11765205,0.229404807,0.650674507,15.57339967,5.13e-45,5.06e-43,91.03012344,0.477835269,0.707240076,0.229404807,13,50202547,R,II,ARL11,TSS200,opensea,TSS200-opensea,"",TRUE,,"","",""
cg01664241,0.231188604,0.515129204,10.64614619,4.9e-24,5.56e-23,42.94969354,0.340946009,0.572134613,0.231188604,4,73435425,F,II,ADAMTS3,TSS1500,shore,TSS1500-shore,chr4:73433783-73434289,TRUE,,"","",""
cg12359279,0.307486306,0.675562325,16.59637375,8.97e-50,2.14e-47,101.9549392,0.44389456,0.751380866,0.307486306,21,42797953,R,II,MX1,TSS200,shore,TSS200-shore,chr21:42798146-42798884,TRUE,TRUE,"","",""
cg12160664,0.238833455,0.676063444,10.74192991,2.11e-24,2.46e-23,43.78735691,0.49612043,0.734953885,0.238833455,1,114521853,R,II,OLFML3,TSS200,opensea,TSS200-opensea,"",,,"","",""
cg07145284,0.349382722,0.606693404,15.00911643,1.95e-42,1.3e-40,85.10847662,0.343459847,0.692842569,0.349382722,11,66084631,R,II,CD248,TSS200,shore,TSS200-shore,chr11:66083572-66083782,TRUE,TRUE,"","",""
cg07880854,0.259097594,0.57181658,10.67962949,3.65e-24,4.18e-23,43.24197657,0.376606064,0.635703658,0.259097594,2,112895559,R,II,FBLN7,TSS1500,shore,TSS1500-shore,chr2:112895792-112897841,,,"","",""
cg20870885,0.265099061,0.542082609,11.28487196,1.62e-26,2.21e-25,48.6232244,0.342350439,0.6074495,0.265099061,2,122043074,F,II,TFCP2L1,TSS1500,island,TSS1500-island,chr2:122042066-122043093,TRUE,,"","",""
cg01409887,0.290594343,0.666137769,14.95863792,3.31e-42,2.15e-40,84.58278251,0.447196825,0.737791169,0.290594343,7,98972188,R,I,ARPC1B,TSS200,island,TSS200-island,chr7:98971649-98973170,,,high-CpG:98809780-98810318,"",""
cg09186122,0.240735416,0.695267891,13.23515095,1.4e-34,3.82e-33,67.09276187,0.513891893,0.754627309,0.240735416,2,241080394,F,II,OTOS,TSS1500,opensea,TSS1500-opensea,"",,,"",rs7568493,""
cg22027897,0.333529149,0.481428767,14.8214444,1.38e-41,8.27e-40,83.1575266,0.230139683,0.563668831,0.333529149,17,60885856,R,I,10-Mar,TSS200,island,TSS200-island,chr17:60885408-60885857,TRUE,,"","",""
cg25658983,0.25819602,0.685402448,11.16418124,4.84e-26,6.37e-25,47.53565667,0.4908712,0.74906722,0.25819602,13,46426026,R,II,SIAH3,TSS200,opensea,TSS200-opensea,"",,TRUE,"","",""
cg21208744,0.222594782,0.817887985,12.70692725,2.48e-32,5.53e-31,61.93556451,0.650179588,0.87277437,0.222594782,1,149909548,R,II,MTMR11,TSS1500,opensea,TSS1500-opensea,"",,TRUE,"","",""
cg06332859,0.314644336,0.55258097,13.82033327,3.99e-37,1.41e-35,72.92424106,0.315520169,0.630164504,0.314644336,2,136876188,F,II,CXCR4,TSS1500,shore,TSS1500-shore,chr2:136876711-136877051,TRUE,,"","",""
cg00464788,0.307781131,0.705264503,17.19064022,1.4e-52,5.87e-50,108.3975587,0.473374609,0.781155741,0.307781131,8,139927001,R,II,COL22A1,TSS1500,opensea,TSS1500-opensea,"",TRUE,,"","",""
cg26531231,0.277833222,0.852399815,14.62111009,1.1e-40,5.86e-39,81.08575649,0.643073415,0.920906637,0.277833222,4,40336255,R,II,CHRNA9,TSS1500,opensea,TSS1500-opensea,"",TRUE,TRUE,"","",""
cg16411857,0.309717548,0.644004037,14.3027862,2.94e-39,1.33e-37,77.81775541,0.410655199,0.720372747,0.309717548,16,57023191,R,II,NLRC5,TSS1500,island,TSS1500-island,chr16:57023190-57023768,,TRUE,"","",""
cg07805981,0.260682529,0.30916704,10.69802161,3.11e-24,3.58e-23,43.40277315,0.112762395,0.373444924,0.260682529,12,56075321,F,II,METTL7B,TSS200,opensea,TSS200-opensea,"",TRUE,TRUE,"","",""
cg03850113,0.288633145,0.684861777,13.87984809,2.19e-37,7.98e-36,73.52385701,0.467398448,0.756031593,0.288633145,16,8622884,R,II,TMEM114,TSS1500,shelf,TSS1500-shelf,chr16:8619699-8619994,,,"","",""
cg19792802,0.221756291,0.782680626,14.00794548,5.96e-38,2.31e-36,74.81837038,0.615603968,0.83736026,0.221756291,11,65647270,F,I,CTSW,TSS200,opensea,TSS200-opensea,"",,,"",rs41302417,""
cg26329715,0.22170316,0.508734247,11.20372773,3.38e-26,4.51e-25,47.89123983,0.341697619,0.563400779,0.22170316,20,61583987,R,I,SLC17A9,TSS200,island,TSS200-island,chr20:61583891-61584222,TRUE,,"",rs80182637,""
cg25457331,0.282800023,0.456629355,13.51208058,8.86e-36,2.72e-34,69.83759633,0.243560845,0.526360868,0.282800023,6,16238547,R,II,GMPR,TSS1500,shore,TSS1500-shore,chr6:16238589-16239231,TRUE,,"","",""
cg00862588,0.213440628,0.556229969,12.86974656,5.08e-33,1.2e-31,63.5138848,0.395418536,0.608859165,0.213440628,6,32909397,R,II,HLA-DMB,TSS1500,opensea,TSS1500-opensea,"",,,"","",""
cg02768162,0.240832824,0.739138421,16.54507317,1.56e-49,3.54e-47,101.4018502,0.557689033,0.798521857,0.240832824,12,108992148,F,II,TMEM119,TSS1500,opensea,TSS1500-opensea,"",TRUE,,"","",""
cg12923215,0.281804311,0.66655071,13.93261768,1.28e-37,4.79e-36,74.05648554,0.454232393,0.736036704,0.281804311,3,32433061,R,II,CMTM7,TSS200,shore,TSS200-shore,chr3:32433104-32434162,TRUE,,"","",""
cg05817709,0.352780564,0.753296165,17.77632058,2.28e-55,1.68e-52,114.8052992,0.48750259,0.840283154,0.352780564,11,63304098,F,II,RARRES3,TSS200,opensea,TSS200-opensea,"",,,"","",""
cg16327891,0.300471688,0.826802312,16.15215254,1.07e-47,1.69e-45,97.18317398,0.600419533,0.900891221,0.300471688,13,43566633,F,II,EPSTI1,TSS1500,shore,TSS1500-shore,chr13:43566074-43566508,,TRUE,"","",""
cg25239996,0.230996122,0.548773126,9.994483269,1.34e-21,1.28e-20,37.38042436,0.374734952,0.605731074,0.230996122,20,44746767,F,II,CD40,TSS200,shore,TSS200-shore,chr20:44746822-44747060,TRUE,,"",rs5841623,""
cg26129769,0.267829373,0.344453832,11.77387025,1.79e-28,2.86e-27,53.10019715,0.142664579,0.410493951,0.267829373,3,157824148,F,II,SHOX2,TSS200,shore,TSS200-shore,chr3:157822973-157823836,,,high-CpG:159306214-159306905,"",""
cg04683149,0.241312293,0.847452641,13.41839363,2.26e-35,6.67e-34,68.90595465,0.665642009,0.906954302,0.241312293,8,134203304,R,II,WISP1,TSS200,opensea,TSS200-opensea,"",TRUE,,"","",rs35244636
cg00841968,0.28036417,0.3785182,12.12829531,6.4e-30,1.15e-28,56.41283139,0.167284921,0.447649091,0.28036417,14,69446664,F,I,ACTN1,TSS1500,island,TSS1500-island,chr14:69444639-69446826,,,"","",""
cg26541003,0.303872266,0.405498826,10.57627549,9.04e-24,1.01e-22,42.34166066,0.176553968,0.480426234,0.303872266,11,9594436,R,I,WEE1,TSS1500,island,TSS1500-island,chr11:9594346-9596536,,,"","",""
cg00376544,0.254358932,0.374784736,9.730982163,1.22e-20,1.08e-19,35.19532647,0.183144444,0.437503377,0.254358932,17,6679348,F,I,FBXO39,TSS1500,island,TSS1500-island,chr17:6679205-6679710,,TRUE,"",rs71370463,""
cg16232674,0.256279265,0.759274564,13.88270943,2.12e-37,7.76e-36,73.55271452,0.566187446,0.822466711,0.256279265,22,37309658,R,II,CSF2RB,TSS200,opensea,TSS200-opensea,"",,,low-CpG:35639564-35639644,"",""
cg02238178,0.259385919,0.656938898,13.07856696,6.55e-34,1.69e-32,65.55302251,0.461511151,0.72089707,0.259385919,22,37545969,F,II,IL2RB,TSS200,opensea,TSS200-opensea,"",,,"","",""
cg07744841,0.313482626,0.487083953,14.7011613,4.82e-41,2.68e-39,81.91224666,0.250898413,0.564381039,0.313482626,3,10857703,R,I,SLC6A11,TSS1500,island,TSS1500-island,chr3:10857687-10858447,,TRUE,"","",""
cg25414165,0.204546106,0.858547217,12.10658868,7.86e-30,1.41e-28,56.20837451,0.704437137,0.908983243,0.204546106,10,77542488,F,II,C10orf11,TSS200,opensea,TSS200-opensea,"",,,"","",""
cg16179182,0.225837123,0.7809733,11.90795917,5.11e-29,8.56e-28,54.34695333,0.610822042,0.836659166,0.225837123,5,140090404,F,II,VTRNA1-1,TSS1500,opensea,TSS1500-opensea,"",,,"","",""
cg10516886,0.272489947,0.714546324,12.26879344,1.68e-30,3.19e-29,57.74105611,0.509245679,0.781735626,0.272489947,1,111415232,F,II,CD53,TSS1500,opensea,TSS1500-opensea,"",,,"","",""
cg02495395,0.201315904,0.531731593,15.0982095,7.68e-43,5.44e-41,86.03797605,0.380055227,0.581371131,0.201315904,3,50383368,R,II,ZMYND10,TSS1500,shore,TSS1500-shore,chr3:50382889-50383310,TRUE,,"","",""
cg12302621,0.225167384,0.679688393,14.80604034,1.62e-41,9.61e-40,82.99782331,0.510041734,0.735209118,0.225167384,15,85426911,F,II,SLC28A1,TSS1500,opensea,TSS1500-opensea,"",,,"","",""
cg07924892,0.202551909,0.328068314,9.604402931,3.46e-20,2.98e-19,34.15990008,0.175460711,0.37801262,0.202551909,18,33767215,F,II,MOCOS,TSS1500,island,TSS1500-island,chr18:33766391-33768145,,,"",rs79405906,""
cg06190732,0.200867486,0.771687309,9.85502365,4.34e-21,3.97e-20,36.21900555,0.620348793,0.821216278,0.200867486,14,95078636,R,II,SERPINA3,TSS200,opensea,TSS200-opensea,"",,,"","",""
cg02512226,0.21121009,0.813774349,11.0222655,1.74e-25,2.19e-24,46.26593195,0.654643459,0.865853549,0.21121009,10,28288192,F,II,ARMC4,TSS1500,shore,TSS1500-shore,chr10:28287447-28288057,,,"","",""
cg04453971,0.284138339,0.573450536,15.65725034,2.11e-45,2.22e-43,91.91681199,0.359373706,0.643512045,0.284138339,2,127413505,R,II,GYPC,TSS200,shore,TSS200-shore,chr2:127413696-127414171,,,"","",""
cg05173758,0.276444271,0.475690947,14.28812134,3.41e-39,1.53e-37,77.66793346,0.267411017,0.543855288,0.276444271,13,27335096,F,II,GPR12,TSS200,island,TSS200-island,chr13:27334226-27335205,TRUE,,high-CpG:26232924-26233185,"",""
cg25756680,0.252757892,0.365653503,9.444492582,1.28e-19,1.06e-18,32.86530559,0.175219474,0.427977367,0.252757892,11,67771726,R,II,UNC93B1,TSS200,shore,TSS200-shore,chr11:67770426-67771629,,,"","",""
cg09530163,0.23702912,0.473510568,10.60579523,6.98e-24,7.83e-23,42.59823743,0.294926984,0.531956104,0.23702912,16,55512822,R,I,MMP2,TSS1500,shore,TSS1500-shore,chr16:55513220-55513526,TRUE,,high-CpG:54070302-54070824,"",""
cg17562433,0.236126724,0.785976712,12.75317377,1.58e-32,3.59e-31,62.38281218,0.608073016,0.84419974,0.236126724,17,72270155,F,I,DNAI2,TSS1500,shore,TSS1500-shore,chr17:72270301-72270512,,TRUE,"","",""
cg09093931,0.277437856,0.512899598,13.04280991,9.32e-34,2.37e-32,65.20268598,0.303871076,0.581308932,0.277437856,8,98880926,F,II,MATN2,TSS1500,shore,TSS1500-shore,chr8:98881311-98881843,,,"","",""
cg17934790,0.223692321,0.82630391,12.45070653,2.95e-31,5.97e-30,59.47310693,0.6577686,0.881460921,0.223692321,19,14693742,R,II,CLEC17A,TSS200,opensea,TSS200-opensea,"",,,"","",""
cg10524915,0.203535842,0.338516712,10.84833757,8.21e-25,9.86e-24,44.72346678,0.185167791,0.388703632,0.203535842,14,94857046,R,II,SERPINA1,TSS200,opensea,TSS200-opensea,"",,,low-CpG:93926679-93926810,"",""
cg18349298,0.291611674,0.653793933,14.65784277,7.55e-41,4.09e-39,81.464776,0.434086508,0.725698182,0.291611674,3,158450550,F,I,RARRES1,TSS1500,island,TSS1500-island,chr3:158449795-158450597,TRUE,TRUE,"","",""
cg17563034,0.254628571,0.465043444,14.27186044,4.03e-39,1.79e-37,77.50188253,0.2732,0.527828571,0.254628571,4,5021268,R,I,CYTL1,TSS200,island,TSS200-island,chr4:5021003-5021329,,TRUE,"","",""
cg13816419,0.213849006,0.766283045,10.48585241,1.99e-23,2.15e-22,41.55858661,0.605163931,0.819012937,0.213849006,20,37209027,F,II,ADIG,TSS1500,opensea,TSS1500-opensea,"",,,"","",""
cg02076355,0.223242331,0.818459634,12.67056811,3.53e-32,7.75e-31,61.58452915,0.650263358,0.873505689,0.223242331,10,45474372,R,II,C10orf10,TSS200,opensea,TSS200-opensea,"",,,"","",""
cg17265419,0.208818572,0.489707766,9.508162011,7.62e-20,6.4e-19,33.37893942,0.332378705,0.541197277,0.208818572,2,182321489,F,II,ITGA4,TSS200,shore,TSS200-shore,chr2:182321761-182323029,,,"","",""
cg05544396,0.247782575,0.682894867,13.04596863,9.03e-34,2.3e-32,65.2336149,0.496209365,0.74399194,0.247782575,16,66959780,R,II,RRAD,TSS1500,shore,TSS1500-shore,chr16:66958733-66959655,TRUE,,"","",""
cg19112957,0.212936263,0.341636986,7.444208553,4.18e-13,2.22e-12,18.04935414,0.181205556,0.394141818,0.212936263,11,47736463,R,I,AGBL2,TSS200,shore,TSS200-shore,chr11:47736739-47737106,TRUE,,"","",""
cg00508334,0.21226772,0.250903131,9.918512731,2.55e-21,2.37e-20,36.74637399,0.090975397,0.303243117,0.21226772,7,23510438,F,I,IGF2BP3,TSS1500,shore,TSS1500-shore,chr7:23508184-23509712,TRUE,,"","",""
cg09459339,0.22669385,0.557519818,8.509420981,1.96e-16,1.31e-15,25.60999854,0.386723082,0.613416932,0.22669385,3,111260893,R,II,CD96,TSS200,opensea,TSS200-opensea,"",,,"","",""
cg15971010,0.285209625,0.685740313,13.02516178,1.11e-33,2.8e-32,65.02995154,0.470856349,0.756065974,0.285209625,17,19436900,R,I,SLC47A1,TSS1500,island,TSS1500-island,chr17:19436788-19437692,TRUE,,"","",""
cg24519108,0.20963764,0.760704839,11.14953945,5.52e-26,7.25e-25,47.40419814,0.602758672,0.812396312,0.20963764,8,6421063,F,II,ANGPT2,TSS1500,shelf,TSS1500-shelf,chr8:6424215-6424888,,TRUE,"","",""
cg13488201,0.334739601,0.585283962,16.18089368,7.88e-48,1.28e-45,97.49067533,0.333082893,0.667822494,0.334739601,10,128077323,F,II,ADAM12,TSS200,island,TSS200-island,chr10:128076155-128077482,TRUE,,"","",""
cg02900356,0.212889908,0.738176177,15.2401292,1.73e-43,1.35e-41,87.52292311,0.577779672,0.790669579,0.212889908,16,31214494,R,II,PYCARD,TSS1500,shore,TSS1500-shore,chr16:31213566-31214287,TRUE,,"","",""
cg22813430,0.221467056,0.605384932,12.48114755,2.2e-31,4.5e-30,59.76427846,0.43852619,0.659993247,0.221467056,12,52626427,F,I,KRT7,TSS1500,shore,TSS1500-shore,chr12:52626793-52627577,TRUE,,"","",""
cg08357850,0.318651598,0.514320529,12.88722638,4.28e-33,1.02e-31,63.68393953,0.274240558,0.592892156,0.318651598,16,74734885,F,II,MLKL,TSS200,shore,TSS200-shore,chr16:74734152-74734572,,TRUE,"","",""
cg12093976,0.246473105,0.448973163,11.24930716,2.24e-26,3.02e-25,48.30201046,0.263274249,0.509747353,0.246473105,4,110833884,R,II,EGF,TSS200,opensea,TSS200-opensea,"",,TRUE,"","",""
cg05744675,0.27974101,0.675579648,14.4496197,6.49e-40,3.16e-38,79.32145213,0.464815873,0.744556883,0.27974101,16,88717723,F,I,CYBA,TSS1500,shore,TSS1500-shore,chr16:88716989-88717606,,,"","",""
cg26522946,0.272524428,0.834763233,16.84030934,6.38e-51,1.9e-48,104.5917617,0.62943661,0.901961037,0.272524428,10,70847350,F,II,SRGN,TSS1500,opensea,TSS1500-opensea,"",,,"","",""
cg03446876,-0.209635887,0.391228963,-11.89941386,5.53e-29,9.24e-28,54.26726048,0.54917381,0.339537922,-0.209635887,7,129414697,R,I,MIR96,TSS200,shelf,TSS200-shelf,chr7:129418286-129422509,,,"","",""
cg06666175,0.294423684,0.574296319,14.27938097,3.73e-39,1.67e-37,77.57866965,0.352470255,0.64689394,0.294423684,6,75916963,R,II,COL12A1,TSS1500,shore,TSS1500-shore,chr6:75914705-75916387,,,"","",""
cg13836770,0.253223366,0.446230616,9.364472978,2.45e-19,1.99e-18,32.22321281,0.255445888,0.508669254,0.253223366,1,12226913,R,II,TNFRSF1B,TSS200,island,TSS200-island,chr1:12226876-12227712,,,"","",rs36205948
cg26203383,0.212172112,0.870856878,15.74790303,8.05e-46,9.16e-44,92.87730004,0.711001178,0.92317329,0.212172112,22,40297048,F,II,GRAP2,TSS200,opensea,TSS200-opensea,"",,,"",rs76342941,""
cg09769134,0.258253608,0.472326223,10.36127363,5.86e-23,6.12e-22,40.48684402,0.277751587,0.536005195,0.258253608,1,67217769,R,I,TCTEX1D1,TSS1500,shore,TSS1500-shore,chr1:67218079-67218293,,TRUE,"","",""
cg14189049,-0.300345065,0.298594449,-15.50035595,1.11e-44,1.04e-42,90.25909213,0.524881827,0.224536761,-0.300345065,15,89909748,R,II,MIR9-3,TSS1500,shore,TSS1500-shore,chr15:89910521-89912177,,,"","",""
cg08697847,0.211646414,0.745961355,11.19045434,3.81e-26,5.06e-25,47.77180695,0.586501728,0.798148142,0.211646414,17,8771114,F,II,PIK3R6,TSS200,opensea,TSS200-opensea,"",,,"","",""
cg23651808,0.310173766,0.549492564,14.63837654,9.24e-41,4.95e-39,81.26386889,0.3158,0.625973766,0.310173766,4,8200974,F,I,SH3TC1,TSS200,opensea,TSS200-opensea,"",,TRUE,"","",""
cg10916651,0.21190085,0.636299158,11.94476041,3.61e-29,6.13e-28,54.69052717,0.476647833,0.688548683,0.21190085,1,22962986,F,II,C1QA,TSS200,opensea,TSS200-opensea,"",,,"","",""
cg26607103,-0.28849022,0.330161236,-13.74811638,8.28e-37,2.83e-35,72.19822661,0.547516882,0.259026661,-0.28849022,10,62149642,R,II,ANK3,TSS200,opensea,TSS200-opensea,"",,,"","",""
cg05354479,0.201571811,0.715925805,12.54396927,1.2e-31,2.52e-30,60.36636714,0.564056632,0.765628443,0.201571811,14,71276874,R,II,MAP3K9,TSS1500,shore,TSS1500-shore,chr14:71275512-71276571,,,"","",""
cg01033299,0.214577664,0.715545383,12.58479324,8.1e-32,1.72e-30,60.75848292,0.55387728,0.768454944,0.214577664,12,53601015,R,II,ITGB7,TSS200,opensea,TSS200-opensea,"",,,low-CpG:51887279-51887360,"",""
cg12426344,0.251770461,0.642004445,12.19292092,3.46e-30,6.39e-29,57.02274027,0.452314371,0.704084833,0.251770461,15,41135900,R,II,SPINT1,TSS1500,island,TSS1500-island,chr15:41135719-41137210,TRUE,,"","",""
cg14605021,0.313918069,0.565987441,13.63144375,2.68e-36,8.67e-35,71.02898773,0.329473828,0.643391897,0.313918069,8,16859754,F,II,FGF20,TSS200,shore,TSS200-shore,chr8:16859044-16859452,,,"","",""
cg21736592,0.303358577,0.547520095,13.91052161,1.6e-37,5.93e-36,73.83334881,0.318962263,0.62232084,0.303358577,22,37678450,R,II,CYTH4,TSS200,opensea,TSS200-opensea,"",,,"","",""
cg04460984,0.260079048,0.632202348,11.17747368,4.29e-26,5.67e-25,47.65509099,0.436252381,0.696331429,0.260079048,15,78933630,F,I,CHRNB4,TSS200,island,TSS200-island,chr15:78933187-78933821,TRUE,TRUE,high-CpG:76720566-76720903,rs71534213,""
cg03630088,0.233986411,0.672583043,12.57879577,8.59e-32,1.82e-30,60.70083497,0.496291912,0.730278323,0.233986411,10,125651526,F,II,CPXM2,TSS200,shore,TSS200-shore,chr10:125650820-125651373,,,"","",""
cg08309069,0.230468518,0.754404346,10.42056316,3.51e-23,3.73e-22,40.99587183,0.580763682,0.8112322,0.230468518,6,31240651,R,II,HLA-C,TSS1500,shore,TSS1500-shore,chr6:31238852-31240120,,,"","",rs34716129
cg16811108,0.314538517,0.704115538,13.33426291,5.22e-35,1.49e-33,68.07198393,0.467134464,0.781672981,0.314538517,17,7905840,R,II,GUCY2D,TSS200,shore,TSS200-shore,chr17:7905927-7907445,,,"","",""
cg00732815,0.267287008,0.616040226,15.9586939,8.51e-47,1.13e-44,95.11800355,0.414659604,0.681946612,0.267287008,20,44636981,F,II,MMP9,TSS1500,shelf,TSS1500-shelf,chr20:44639135-44639988,,,"","",rs75494647
cg27599271,0.213342193,0.56798936,10.92177415,4.27e-25,5.24e-24,45.37287717,0.407252091,0.620594285,0.213342193,14,24809442,F,II,RIPK3,TSS1500,shore,TSS1500-shore,chr14:24808635-24808992,,,"","",""
cg06800962,0.204841176,0.651042565,9.689350033,1.72e-20,1.51e-19,34.85374145,0.496710172,0.701551349,0.204841176,3,149096029,R,II,TM4SF1,TSS1500,opensea,TSS1500-opensea,"",,,"","",""
cg05241461,-0.257349177,0.099982975,-15.19773578,2.7e-43,2.05e-41,87.07880011,0.29387619,0.036527013,-0.257349177,19,22816980,R,I,ZNF492,TSS200,shore,TSS200-shore,chr19:22817274-22817546,TRUE,,"","",""
cg12491659,0.203891673,0.683205619,10.11606338,4.8e-22,4.7e-21,38.40187832,0.529588606,0.733480279,0.203891673,5,57786356,F,II,GAPT,TSS1500,opensea,TSS1500-opensea,"",,TRUE,"","",""
cg16546503,0.287194987,0.71804243,13.01631337,1.21e-33,3.04e-32,64.94339007,0.501662645,0.788857632,0.287194987,18,12307329,F,II,TUBB6,TSS1500,shore,TSS1500-shore,chr18:12307554-12309043,,,"",rs16977073,""
cg03957108,0.216884368,0.301357406,8.596650466,1.01e-16,6.89e-16,26.26327977,0.137951375,0.354835743,0.216884368,2,63276545,R,II,OTX1,TSS1500,island,TSS1500-island,chr2:63274475-63279430,,TRUE,"","",""
cg24342146,0.246781007,0.757375174,11.7789803,1.71e-28,2.73e-27,53.14756277,0.571444278,0.818225285,0.246781007,1,160682008,R,II,CD48,TSS1500,opensea,TSS1500-opensea,"",,,"","",""
cg19131731,0.357830141,0.76427441,16.37024373,1.03e-48,1.97e-46,99.52086202,0.494676358,0.852506499,0.357830141,22,30643042,R,II,LIF,TSS1500,shore,TSS1500-shore,chr22:30642437-30642671,TRUE,,"","",""
cg05064665,0.35175303,0.670374168,13.83532704,3.43e-37,1.22e-35,73.07519428,0.405354762,0.757107792,0.35175303,17,37824233,F,I,PNMT,TSS1500,island,TSS1500-island,chr17:37823693-37824989,,,"","",""
cg22014661,-0.211596436,0.079410568,-14.02199632,5.17e-38,2.02e-36,74.96068635,0.23883254,0.027236104,-0.211596436,6,62996130,F,I,KHDRBS2,TSS200,island,TSS200-island,chr6:62995855-62996228,,,high-CpG:63053912-63054110,"",""
cg20129213,-0.237777778,0.096130137,-14.6365513,9.42e-41,5.04e-39,81.24503654,0.275277778,0.0375,-0.237777778,8,104512317,F,I,RIMS2,TSS1500,island,TSS1500-island,chr8:104510870-104513913,,,"","",""
cg15339720,0.230814407,0.41472055,11.86852457,7.39e-29,1.22e-27,53.97945933,0.240819284,0.471633691,0.230814407,2,20425649,F,II,SDC1,TSS1500,island,TSS1500-island,chr2:20423088-20425767,,,"","",""
